id,co2
22930,187.0
4280,126.52
40586,214.0
31318,189.0
34854,218.0
2625,234.0
25296,141.0
29699,218.0
7201,138.07
37828,198.0
22676,227.0
2868,187.0
19303,208.0
29771,200.0
11898,230.0
14558,189.0
36858,211.0
39571,218.0
26101,156.62
23261,221.0
13583,218.0
2259,200.0
32075,233.0
3270,193.0
5961,230.0
657,222.0
5373,203.0
19700,203.0
36764,129.06
6871,289.0
8844,208.0
585,230.0
9733,159.23
11309,218.0
7324,203.0
3095,222.0
37235,181.0
20937,209.0
25489,198.0
40353,214.0
3220,192.0
25903,222.0
29003,138.98
23822,209.3053931934078
15491,221.0
30072,199.0
17666,201.0
5198,110.13
24114,241.0
11762,209.0
8729,193.0
39533,208.0
23973,222.0
31430,200.0
38593,144.16
25555,208.0
6361,202.0
4201,221.0
25978,230.0
16942,198.0
12036,192.0
41221,190.0
16429,205.0
26592,227.345
19985,210.0
27178,149.0
19527,284.0
17476,259.0
4824,168.2
17201,200.0
21483,240.0
34067,219.0
35044,209.0
30349,193.0
40376,203.0
20398,209.0
3876,213.31
16168,223.0
39401,208.0
7625,223.0
4998,193.0
4152,143.38
13250,198.0
28306,190.0
9975,213.0
38004,209.0
35953,200.0
2865,209.0
15986,232.0
28536,223.0
2296,219.0
21245,222.0
17236,203.0
33390,211.0
4788,284.0
29890,208.0
21124,200.0
22716,114.19
41123,208.0
7133,200.0
9263,218.0
20160,155.93
31530,118.87
28651,216.0
22933,208.0
5549,209.0
23452,224.0
40785,209.0
18027,148.96
31927,203.0
37662,208.0
23823,189.0
8842,203.0
39507,203.0
30161,234.0
27466,195.0
5822,221.0
10926,216.0
16627,138.89
11591,203.0
34904,209.0
16114,232.0
23724,132.37
14704,193.0
314,223.0
30107,203.0
2772,187.0
12421,151.69
15757,195.0
40454,209.53013672438672
34421,216.0
14458,240.0
16792,230.0
17353,200.0
4580,209.0
14993,240.0
10943,284.0
10700,213.0
7028,198.0
16084,98.73
36043,198.0
25325,216.0
10849,230.0
29456,213.0
20807,197.0
17183,200.0
28465,227.0
40602,216.0
6988,203.0
12030,269.0
9242,134.48
11879,227.0
19068,193.0
20100,198.0
2666,203.0
28424,140.59
9920,214.0
34056,221.0
23592,190.0
33857,197.0
18798,189.0
4047,208.05
20804,181.0
31680,195.0
34283,197.0
13367,197.0
802,211.0
31306,203.0
729,226.0
734,130.48
36078,98.9
18084,218.0
11427,226.0
37922,192.0
11895,187.0
17925,210.0
22470,213.0
33926,221.0
34269,224.0
24388,203.0
35244,230.0
26709,195.0
38571,227.0
20926,197.0
19705,218.0
7947,200.0
13797,203.0
26360,208.0
4772,123.66
13032,272.0
30882,190.0
1905,221.0
10593,214.0
144,203.0
16112,209.0
37866,250.01
27349,211.0
16063,211.0
13464,193.0
26391,198.0
37919,223.0
17122,216.0
12064,234.0
35395,195.0
6985,221.0
33475,209.4677405472924
31441,213.0
25224,181.0
19872,279.0
25375,209.0
38726,198.0
10333,190.0
19151,230.0
18805,270.0
29551,200.0
21610,218.0
24934,216.0
17703,203.0
17832,192.0
19750,222.0
18662,221.0
3290,230.0
40786,159.51
15842,203.0
24358,187.0
4775,166.0
10189,203.0
2875,166.08
857,86.0
37424,195.0
36623,197.0
19057,202.0
32278,213.0
17751,216.0
29914,197.0
30861,190.0
6747,211.0
29448,216.0
27092,190.0
36042,202.0
7134,216.0
36821,211.0
25353,195.0
465,203.0
9994,197.0
10835,214.0
35689,198.0
19806,218.0
29573,107.4
32271,198.0
30043,241.0
33784,224.0
1975,213.0
30454,203.0
16046,216.0
967,189.0
14285,232.0
27290,195.0
25407,203.0
8871,209.3661652652903
2541,193.45
3115,209.0
31084,216.0
24717,190.0
34352,234.0
24810,210.0
13574,216.0
29788,195.0
34962,187.0
7258,128.35
4932,208.0
22853,195.0
13206,218.0
36278,203.0
15871,209.0
14233,139.99
24493,224.0
31152,208.0
40097,216.0
13167,234.0
26053,211.0
24330,197.0
12555,226.0
13511,211.0
19001,211.0
12524,200.0
9055,232.0
8467,203.0
20571,213.0
216,175.0
32089,197.6
25133,203.0
21696,198.0
1278,213.0
33304,195.0
7718,208.0
40698,193.0
37110,197.0
36992,224.0
39953,190.0
30490,109.09
26060,198.0
13608,203.0
19730,241.0
40800,209.0
22175,208.0
40892,203.0
29933,192.0
39490,213.0
3628,197.0
31063,194.0
26178,203.0
34357,238.0
4619,86.0
39648,211.0
6605,213.0
8986,200.0
14844,208.0
20642,222.0
28005,200.0
31440,200.0
11823,232.0
9312,214.0
5100,193.0
3510,208.0
7524,187.0
12141,195.0
33261,209.3229392706518
24049,195.0
17496,213.0
16921,197.0
21331,234.0
25534,143.97
2276,224.0
31224,147.0
4506,195.0
5787,227.0
17722,208.0
8592,190.0
9410,195.0
21882,222.0
30731,138.14
28577,200.0
18335,214.0
21503,209.0
8763,209.0
39985,211.0
23056,152.23
40358,197.0
11449,193.0
22377,181.4
217,197.0
33524,159.58
30710,214.0
2744,216.0
36113,214.0
8248,182.85
14478,197.0
22230,209.0
35651,181.0
13307,272.0
38959,193.0
7760,190.0
18906,187.0
13174,218.0
39962,164.0
4283,234.0
10803,203.0
6072,216.0
6882,200.0
24614,208.0
6194,213.0
21216,347.21
12880,216.0
11212,214.0
31473,221.0
11321,234.0
20319,235.0
39389,215.0
28410,111.19
30767,190.0
2299,138.06
30786,203.0
30067,181.0
34301,203.0
10276,214.0
15703,200.0
32956,216.0
40041,213.0
18719,203.0
26615,146.61326190476194
28240,192.0
5321,209.0
36092,209.0
37979,193.0
29644,192.0
5553,187.0
1807,218.0
11878,203.0
10955,226.0
21186,222.0
37878,203.0
37637,193.0
25469,193.0
13302,203.0
17083,206.91
17784,193.0
27619,210.0
31960,197.0
8122,195.0
1464,181.0
10951,125.65
4738,209.0
9301,187.0
625,209.34580952380952
18765,195.0
39710,218.0
19598,208.0
18875,224.0
20149,203.0
2399,218.0
5231,208.0
13124,203.0
7852,222.0
34915,216.0
2385,210.0
9790,213.0
11367,203.0
323,284.0
532,198.0
11827,190.0
12830,230.0
7679,195.0
28184,193.0
1331,226.0
12607,232.0
12854,190.0
1557,216.0
29659,197.0
8435,246.0
38749,200.0
27858,209.42694596296505
30863,209.0
23102,190.0
17811,197.0
17348,168.6012063492064
8901,208.0
22251,210.0
32680,189.0
3242,211.0
9420,238.0
943,208.0
37569,183.05
18623,209.0
36482,200.0
7468,205.0
2531,190.0
33891,181.0
33237,229.0
39783,103.5
39795,218.0
13064,209.0
16134,209.0
8238,135.0
38242,226.0
9381,197.0
35015,211.0
32944,284.0
1647,200.0
11245,221.0
15777,203.0
21320,195.0
31909,213.0
26305,269.0
4347,211.0
14918,108.47
7,139.0
15744,214.0
18952,209.4912919025418
5843,211.0
14160,195.0
6424,243.0
28101,224.0
17819,187.0
11418,234.0
35942,200.0
35875,203.0
23797,203.0
24166,216.0
25967,272.0
8477,240.0
1395,203.0
31959,221.0
25697,213.0
22390,284.0
37677,226.0
37852,126.0
25028,187.0
33250,190.0
6206,223.0
26110,197.0
16511,203.0
12705,197.0
10370,229.0
1631,195.0
17190,209.0
28886,216.0
26187,203.0
655,246.0
39580,221.0
2158,192.0
15260,241.0
12609,197.0
21299,230.0
5667,211.0
17117,300.92
22316,200.0
22943,211.0
17812,210.96
7339,232.0
38352,211.0
33473,207.0
36866,203.0
27283,218.0
19967,189.0
20377,123.95
25716,195.0
1402,195.0
11532,107.48
39913,209.0
430,197.0
31505,201.0
39216,209.0
5478,211.0
20196,221.0
33177,125.98
25123,210.0
12378,209.3661652652903
34586,222.0
34062,211.0
19983,147.0
1962,211.0
15341,154.0
10445,264.54
27642,189.0
20680,209.326565468759
25880,134.0
13314,218.0
29558,198.0
23348,214.0
36276,123.89
39190,198.0
29446,138.33
1291,213.0
9284,218.0
21935,234.0
7094,213.0
3715,198.0
14710,203.0
18352,195.0
17377,208.0
1866,232.0
37411,210.0
33247,192.0
38294,190.0
30465,197.0
6699,200.0
7212,215.0
7817,210.0
30647,195.0
8161,238.0
20112,232.0
28126,232.0
31014,187.0
38190,214.0
6662,154.95
14976,198.0
23713,213.0
6231,213.0
14769,276.0
29939,222.0
24416,232.0
40473,198.0
26349,200.0
20057,216.0
15869,209.0
21335,203.0
1570,208.0
31804,216.0
3281,203.0
14827,203.0
24857,152.0
16734,133.0
37676,279.0
40240,284.0
35516,203.0
16414,210.0
34927,181.0
39452,205.0
3843,187.0
4639,218.0
32120,230.0
39844,187.0
22078,211.0
12727,211.0
10852,203.0
41138,193.0
18233,195.0
4569,207.0
32608,209.34165831799103
10791,213.0
2331,193.0
24626,230.0
18933,211.0
16787,159.0
22296,201.0
29762,197.0
6428,169.1
18762,216.0
16413,207.0
3488,209.26572417461983
32560,209.0
23841,238.0
1736,181.0
476,222.0
41115,216.0
7827,209.0
26141,197.0
28724,189.0
5035,190.0
26441,197.0
13800,195.0
9658,197.0
7330,321.0
35839,193.0
33559,209.0
15854,222.0
27478,223.0
18997,193.0
30868,209.0
38676,207.0
6496,234.0
33993,218.0
21441,218.0
4146,232.0
38283,221.0
1603,138.97
20727,195.0
31457,198.0
10880,232.0
35220,224.0
1731,146.98
33774,193.0
28051,269.0
1681,241.0
14627,206.0
10544,221.0
22768,208.0
30944,269.0
3581,214.0
15686,203.0
34996,187.0
18496,203.0
20834,213.0
19634,209.0
33566,211.0
38740,118.98
35021,142.0
15959,213.0
21484,284.0
6049,203.0
17680,181.0
32219,145.82
6211,203.0
1670,211.0
19048,203.0
35497,216.0
4500,181.0
25110,211.0
38064,203.0
936,203.0
32163,195.0
31965,190.0
10565,203.0
33387,223.0
10595,216.0
30593,191.91
19620,139.99
27745,187.0
13013,216.0
2494,234.0
27969,214.0
32319,136.86
10969,195.0
20139,120.0
32573,216.0
35167,240.0
32421,232.0
7369,198.0
15153,189.0
32912,216.0
14532,200.0
31178,219.0
33923,279.0
20870,221.0
34896,197.0
15393,213.0
25526,203.0
4419,195.0
35221,232.0
10499,209.0
35848,142.37
20905,193.0
756,218.0
6730,216.0
25956,193.0
18303,214.0
22413,208.0
23910,200.0
16345,187.0
31352,218.0
25324,218.0
4093,203.0
36000,208.0
31447,109.91
6432,214.0
24039,213.0
22138,208.0
5262,203.0
26605,197.0
27147,217.94
14049,216.0
24772,173.94
20828,205.0
5865,193.0
28384,149.11366666666666
15334,234.0
13953,284.0
19119,211.0
38096,200.0
3568,227.0
13970,190.0
39572,209.3053931934078
23058,218.0
11919,192.0
15521,234.0
17160,193.0
10968,223.0
31808,197.0
27847,234.0
29612,211.0
24516,197.0
32704,203.0
31059,299.0
31510,219.0
34942,222.0
6478,139.4
24827,240.0
12702,203.0
14073,180.0
7049,327.35
11208,189.0
6515,232.0
4817,189.0
7886,216.0
39737,208.0
40171,190.0
2081,203.0
12044,197.0
14009,232.0
34338,119.8
11470,203.0
17109,190.16
15783,153.66
6759,183.21
8541,214.0
28256,180.0
23972,243.0
41107,192.0
25383,197.0
5795,221.0
20419,138.96
39139,203.0
32845,106.0
16675,234.0
8420,218.0
14273,166.0
36564,213.0
28896,284.0
25056,209.0
9604,200.0
35483,213.0
4277,218.0
22632,194.71
34149,232.0
30920,195.0
12690,195.0
16200,193.0
8054,124.51
9641,222.0
20712,193.0
22400,211.0
30076,193.0
30478,208.0
2743,284.0
2322,211.0
41249,189.0
21871,200.0
23845,209.0
17050,138.8
6573,238.0
2304,159.0
35350,197.0
19316,123.17
11488,207.0
252,209.0
3942,211.0
18943,193.0
7560,224.0
24728,240.0
39875,214.77
19509,216.0
29540,223.0
6324,179.0
14300,123.75
28605,226.0
17953,213.0
14907,209.0
34577,284.0
20503,190.0
6433,198.0
34740,200.0
36739,198.0
11475,95.16
15695,198.0
40243,197.0
26045,222.0
29043,187.0
34601,193.0
13152,284.0
25454,218.0
6491,192.0
2969,160.06
19949,209.4088271940478
36807,132.11
3622,208.0
30305,190.0
12710,195.0
30243,224.0
776,211.0
6319,203.0
38183,195.0
26416,141.0
18652,222.0
13614,219.0
20267,194.0
30298,207.0
2767,194.25
23262,222.0
19168,197.0
19022,187.0
33031,181.0
22651,208.0
40661,208.0
28243,214.0
7569,203.0
21030,103.91
22111,90.47
26180,213.0
31532,229.0
30858,115.55
21369,226.0
26983,210.0
18927,190.0
28305,241.0
39176,181.0
35885,213.0
34191,160.005
11247,203.0
4811,203.0
2907,208.0
37501,216.0
22202,198.0
1992,192.0
11056,226.0
12163,138.89
17649,197.0
21884,216.0
30769,181.0
13631,208.0
8814,190.0
19103,192.0
34743,230.0
11849,216.0
16858,209.5593112662205
24470,211.0
27678,200.0
31708,200.0
13198,140.0
1697,203.0
36184,197.0
15454,203.0
5045,209.36412941388673
8821,224.0
8735,203.0
12640,210.0
16707,213.0
11393,218.0
13630,187.0
9549,214.0
3780,190.0
6267,203.0
10080,213.0
25768,195.0
20356,99.09
32662,272.0
5377,197.0
35377,187.0
22621,197.0
11127,150.02
25348,192.0
3016,139.0
14615,209.0
25430,197.0
35305,209.4243133941222
33369,187.0
24452,213.0
38895,219.0
35725,128.02
12950,210.0
30572,214.0
15481,149.55
41071,213.0
210,222.0
33450,246.0
2445,195.0
32971,209.159622016872
61,209.0
33852,139.02
41084,211.0
16869,190.0
28238,213.0
36658,160.0
27930,187.0
26686,224.0
28435,190.0
26137,221.0
6136,213.0
36973,189.0
5653,218.0
12593,224.0
40324,219.0
38384,190.0
38076,272.0
11128,126.11
9162,211.0
29760,203.0
27918,198.0
482,115.63
40719,218.0
20026,211.0
35568,112.02
28644,168.0
25565,218.0
31056,114.89
962,197.0
41072,216.0
6550,209.0
18524,181.0
34473,224.0
35894,222.0
16050,197.0
23747,221.0
10410,214.0
30666,213.0
21978,187.0
12507,205.0
5598,230.0
26169,134.31
28821,98.56
39128,216.0
15875,187.0
27968,200.0
38070,213.0
12596,200.0
32697,92.01
39137,203.0
740,213.0
28081,187.0
28088,195.0
26294,214.0
27021,211.0
6675,224.0
9303,129.05
3177,197.0
29183,197.0
18184,208.0
30166,223.0
9532,241.0
26383,187.0
1045,238.0
36450,223.0
6330,203.0
25715,216.0
3615,197.0
27495,86.0
5770,200.0
3792,214.0
14796,218.0
879,203.0
27338,230.0
22215,200.0
5098,241.0
6803,219.0
14514,211.0
23072,223.0
22513,190.0
16594,219.0
32340,209.41941414951606
18611,203.0
38077,158.11
37140,194.0
24553,208.0
4615,213.0
10081,200.0
7685,208.0
36357,195.0
6222,209.0
9058,232.0
14597,198.0
17971,115.37
27444,189.0
2863,222.0
16418,118.65
18559,109.05
3502,213.0
6885,211.0
29126,195.0
686,198.0
20382,216.0
17873,202.0
16736,222.0
7162,218.0
7579,197.0
10284,113.12
35412,192.0
20481,234.0
3798,195.0
19813,114.94727272727272
15395,209.0
6024,203.0
21723,209.0
26117,197.0
34833,149.32
4859,208.0
1503,218.0
25759,147.04
14858,198.0
13534,210.0
20253,203.0
35123,193.0
4168,200.0
3277,211.0
11965,243.0
39708,213.0
14511,203.0
1487,226.0
16768,211.0
30709,130.79
3154,215.0
17593,216.0
31060,234.0
38370,159.08
1930,210.0
12492,184.7133333333333
35752,195.0
23629,210.0
3434,190.0
23269,213.0
24185,208.0
32309,284.0
10656,109.29
37589,121.0
10591,193.0
9905,111.69
33096,135.0
19140,195.0
33202,163.0
13577,126.39
18536,243.63
7724,189.0
27366,203.0
11788,128.02
37893,187.0
37820,224.0
725,218.0
30365,211.0
5504,197.0
22204,209.0
17295,190.0
3643,216.0
27850,219.0
17410,190.0
33911,221.0
19757,118.6
28560,198.0
41125,216.0
38012,190.0
8707,203.0
1829,190.0
30755,208.0
33692,192.0
18578,224.0
18754,125.04
6933,208.0
20691,227.0
6016,216.0
20023,203.0
9426,139.13
24378,190.0
1282,159.0
12038,232.0
6847,200.0
1077,192.0
30903,218.0
40,209.0
1748,213.0
6314,211.0
7270,197.0
14145,203.0
13247,212.94
26281,197.0
38710,216.0
4273,232.0
27164,218.0
31915,187.0
26138,189.0
28590,181.0
36480,109.97
6394,126.0
30262,218.0
7033,211.0
40743,214.0
38036,123.08
37918,195.0
36300,203.0
36656,163.0
22290,200.0
25460,187.0
26104,203.0
7474,241.0
6316,209.36412941388673
41140,181.0
7301,224.0
20029,203.0
13988,284.0
27907,218.0
3601,129.0
37689,109.19
18346,193.0
12309,203.0
22916,127.29
2635,222.0
37315,224.0
15593,193.0
14786,222.0
32501,197.0
11024,181.0
17119,139.4
19015,230.0
14421,209.0
2746,187.0
2000,216.0
38061,195.0
3425,284.0
11710,211.0
32027,211.0
6065,208.0
37237,197.0
13325,200.0
1682,190.0
5535,208.0
25308,197.0
21465,153.95
5201,127.0
26472,203.0
31825,216.0
12310,210.0
22777,209.26572417461983
7609,198.0
17831,213.0
8768,143.96
22093,208.0
17247,203.0
39131,238.0
38488,153.0
4741,209.0
3230,201.0
17664,135.92
7499,211.0
20087,192.95
30754,109.01
5352,203.0
13150,126.72
12144,214.0
12313,230.0
39552,230.0
24193,240.0
18851,213.0
5640,241.0
20451,234.0
26731,103.57
34444,123.0
35157,222.0
1796,200.0
15488,232.0
12346,193.0
22198,209.0
30163,181.0
37980,190.0
41040,269.0
22039,195.0
2111,154.13
34784,218.0
39008,208.0
20780,213.0
4384,193.0
20876,232.0
28485,198.0
6420,214.0
3719,232.0
17113,234.0
17055,216.0
24141,192.0
28578,246.0
21837,230.0
29962,140.0
34992,144.31
38043,197.0
13505,214.0
24139,195.0
40428,279.0
15423,213.1
27552,232.0
9291,207.0
17433,208.0
5040,199.0
23421,241.0
8363,261.95
32905,243.0
14723,187.0
5382,120.0
22118,221.0
7516,224.0
19235,208.0
24096,195.0
26152,243.0
14125,130.11
14490,209.0
12013,198.0
17172,208.0
1392,187.0
14884,203.0
3416,211.0
816,197.0
30501,221.0
40048,224.0
7920,203.0
28440,223.0
21707,213.0
2004,177.07
10448,208.0
1451,241.0
16132,175.0
385,208.0
9889,243.0
29324,213.0
20129,238.0
12169,189.0
24694,210.0
23826,135.09
29174,203.0
5712,216.0
25807,222.0
1043,209.0
4265,224.0
29208,203.0
31176,187.0
20174,193.0
17470,198.0
40707,195.0
27865,138.0
19301,216.0
27256,193.0
21112,203.0
7030,218.0
24369,115.28
13308,209.0
26603,209.0
2791,214.0
1033,234.0
24075,224.0
20952,208.0
31511,216.0
23643,219.0
1911,224.0
17258,211.0
40433,232.0
31013,156.01
4508,193.0
30772,195.0
29580,224.0
25973,195.0
16334,208.0
34597,208.0
33616,218.0
12538,269.0
29488,197.0
12208,180.0
17657,218.0
41173,209.0
32344,209.0
9225,200.0
29278,131.03
19785,214.0
491,197.0
40369,198.0
5466,210.0
40303,190.0
30777,242.0
35444,203.0
1139,214.0
25340,242.0
33301,213.0
1430,134.99
18111,121.11
13623,187.0
32906,203.0
34906,187.0
7605,216.0
36130,269.0
4056,213.0
33626,211.0
39769,134.0
25054,284.0
5883,124.0
22960,195.0
1791,208.0
8586,126.16
20913,190.0
32094,193.0
24750,222.0
1864,134.99
19401,211.0
6832,170.0
14495,203.0
36398,224.0
37851,211.0
17149,210.0
32958,216.0
30002,214.0
6890,224.0
31361,218.0
34979,158.12
7409,193.0
10381,224.0
7180,129.0
7528,243.0
3979,193.0
28581,190.0
33049,198.0
3461,230.0
15661,203.0
2110,145.0
26338,187.0
25042,187.0
12759,135.0
2644,240.0
10031,193.0
26964,218.0
6002,195.0
23334,219.0
4630,195.0
34606,211.0
11592,113.225
26581,209.0
17115,128.92
21293,138.0
22405,224.0
4548,198.0
37417,216.0
27805,192.0
15988,198.0
34625,234.0
32406,203.0
9694,192.0
35253,211.0
12000,187.0
23511,211.0
40051,195.0
14065,193.0
16069,272.0
32644,209.0
21647,209.0
8230,232.49
38054,209.0
3593,197.0
1673,224.0
26332,198.0
31581,234.0
19315,197.0
28877,214.0
24915,193.0
28961,158.18
5329,193.0
15519,189.0
33847,230.0
23336,222.0
27531,280.0
16231,164.0
33681,197.0
40603,118.49
9296,227.0
13902,209.5079745031371
40941,214.0
29387,190.0
20492,193.0
6245,227.0
13920,193.0
18861,216.0
19512,135.9
11347,197.0
17742,224.0
12955,208.0
7656,190.0
39326,214.0
35108,222.0
9093,200.0
22929,144.55
39600,240.0
21047,203.0
17977,146.0
28452,195.0
12514,187.0
10132,216.0
20801,234.0
10628,211.0
35024,210.0
20948,203.0
35833,234.0
16987,226.0
23441,227.0
25082,189.0
12383,209.36412941388673
16550,209.0
5920,190.0
22036,218.0
19220,209.3098594918583
14137,200.0
18874,195.0
13263,140.14
32063,111.70789682539684
20362,231.49
38580,193.0
39848,203.0
4504,203.0
19943,227.0
22121,193.0
11032,197.0
33779,175.99
27086,193.0
10369,206.0
15230,141.0
23612,198.0
20716,210.0
8145,216.0
2814,216.0
38332,200.0
30704,203.0
39386,209.0
13204,213.0
27057,213.0
33889,279.0
22008,284.0
25041,197.0
23850,224.0
11376,165.0
18502,216.0
14412,131.96
24375,200.0
25636,203.0
708,222.0
22248,226.0
28818,234.0
40674,218.0
23693,203.0
15177,216.0
40137,209.0
22341,99.0
17914,213.0
6193,224.0
40089,246.0
34533,200.0
25418,131.0
38643,203.0
27291,232.0
32138,211.0
3248,190.0
40047,195.0
2726,211.0
1457,211.0
32639,215.0
8375,232.0
40848,211.0
36896,205.0
40619,210.0
7811,163.5215
14956,181.0
109,205.0
8410,190.0
2055,213.0
12461,198.16
13759,241.0
18519,218.0
20366,209.0
23976,129.0
13375,211.0
31657,198.0
38432,216.0
38622,216.0
18442,224.0
33200,189.0
30592,192.0
28522,216.0
24836,210.0
29889,203.0
5936,181.0
29814,187.0
10984,198.0
17972,218.0
18206,234.0
32136,209.0
12585,109.1
18154,211.0
39628,284.0
26012,169.66825829725838
35917,214.0
4387,192.0
12739,208.0
38187,187.0
32287,216.0
26803,203.0
21157,193.0
22183,241.0
37903,118.91
10497,234.0
21037,203.0
39114,227.0
31635,272.0
29742,241.0
32216,200.0
8037,216.0
19045,203.0
34082,132.0
8206,103.91
40257,214.0
34209,163.0
21308,284.0
19407,108.57
27317,154.95
4095,129.0
40729,243.0
9266,195.0
6633,197.0
6708,232.0
8739,190.0
12484,208.0
10512,203.0
39835,213.0
31758,209.0
13312,241.0
27434,232.0
40417,190.0
41124,221.0
14446,220.58
13674,226.0
37248,206.56
32840,195.0
32213,218.0
22697,200.0
28622,164.0
22977,195.0
32208,203.0
33131,195.0
890,190.0
24266,187.0
2362,209.0
30042,234.0
22383,216.0
29907,132.84
26837,216.0
20441,114.34
2624,187.0
31773,143.02
11925,203.0
682,222.0
17681,211.0
14913,214.0
31544,138.0
1900,219.0
3391,213.0
7969,211.0
3375,214.0
11661,200.0
33465,235.0
6592,193.0
7112,203.0
2269,209.4677405472924
24168,175.0
26047,181.0
12230,243.0
40577,216.0
30165,193.0
35905,216.0
11180,197.0
18468,200.0
25237,198.0
1687,190.0
9021,209.0
20909,203.0
8326,203.0
39116,197.0
20084,139.05
28263,232.0
14543,190.0
16975,227.0
34376,187.0
19599,280.0
35564,221.0
20962,198.0
31378,134.0
2135,203.0
31854,203.0
33534,218.0
37118,222.0
31260,214.0
22881,197.0
34133,203.0
22938,161.0
36969,131.0
14518,213.0
37598,95.02
40452,232.0
28375,216.0
6756,189.0
24103,144.958
24108,234.0
41002,197.0
27191,190.0
12896,209.159622016872
19102,232.0
27791,193.0
8304,179.4
19746,210.95
19749,187.0
39909,187.0
16595,193.0
7375,97.76
14564,216.0
13272,208.0
5638,203.0
40997,138.96
33962,141.35
33698,203.0
13400,203.0
39133,103.84
35991,197.0
17339,234.0
16224,216.0
7193,241.0
31610,243.0
31972,197.0
12357,224.0
40043,120.04
39385,221.0
24237,218.0
21617,197.0
37826,209.0
38625,203.0
39149,138.11
23022,203.0
38371,224.0
25386,181.0
17025,243.0
26354,192.0
15134,195.0
11627,284.0
33135,222.0
5921,214.0
17265,208.0
3318,187.0
35237,209.5593112662205
13278,200.0
13650,129.14
29639,180.0
17982,190.0
10609,211.0
9022,132.3
16917,153.64
15617,128.87
10406,216.0
27166,200.0
5323,218.0
11461,211.0
12503,203.0
28134,149.37
3460,241.0
19079,109.73
30312,200.0
39178,181.0
40681,218.0
23966,203.0
28745,209.0
15010,203.0
17203,224.0
6682,102.03
24135,284.0
24076,195.0
22899,205.0
39592,218.0
35776,203.0
29579,222.0
1993,181.0
29582,175.0
7096,211.0
26239,240.0
18887,195.0
22088,203.0
35814,192.0
18025,203.0
40326,239.05
22186,224.0
18618,153.6
21179,201.0
27046,203.0
33479,221.0
18980,213.1
27358,207.0
37870,197.0
19486,197.0
7672,203.0
8613,200.0
29393,209.0
25267,209.0
3168,222.0
8755,203.0
34236,207.0
38331,195.0
29384,197.0
36346,208.0
19645,221.0
30880,226.0
24337,193.0
20675,218.0
7800,222.0
38415,190.0
33041,190.0
40400,190.0
24057,186.0
18356,181.0
39928,170.0
5875,229.0
7142,193.0
40873,224.0
9672,226.0
32638,129.0
12488,193.0
39858,210.0
953,129.14
5174,190.0
24674,224.0
7880,216.0
10115,213.0
32304,203.0
4086,113.0
12248,214.0
5183,195.0
608,218.0
9469,209.0
8500,198.0
15165,216.0
21462,208.0
354,190.34
7738,137.71
5115,218.0
14686,230.0
26272,147.0
33257,135.33
11146,224.0
11373,218.0
31863,181.39
4726,229.0
22037,211.0
26348,192.0
27508,284.0
3548,209.0
20201,203.0
27667,209.0
12800,209.5079745031371
39505,211.0
20849,206.0
5001,151.9
15838,214.0
11635,195.0
791,200.0
8450,203.0
3169,208.0
31813,219.0
24768,121.95
14655,284.0
10237,203.0
29275,213.0
8745,203.0
5960,213.0
18550,187.0
7411,128.66
40746,193.0
33346,142.0
31137,284.0
15109,198.0
31796,149.88
19036,214.0
21358,227.0
30703,197.0
35577,142.0
14261,211.0
38696,197.0
25908,210.0
32939,226.0
10424,203.0
4962,232.0
198,234.0
39232,190.0
28406,209.26572417461983
26114,213.0
16104,200.0
12804,203.0
8106,174.2
36965,223.0
15097,208.0
19126,214.0
1319,219.0
20582,202.0
34439,190.0
36189,190.0
40331,192.0
9842,198.0
36569,193.0
34823,234.0
12990,195.0
19756,193.0
18386,209.0
3519,203.0
3928,181.0
17554,118.71
3419,168.0
29421,216.0
33542,216.0
1053,218.0
30188,156.72333333333333
39356,203.0
36155,203.0
18838,213.0
38310,190.0
10125,232.0
36238,213.0
28516,298.98
4029,193.0
33832,218.0
37724,190.0
13252,218.0
1808,136.18
40178,224.0
13685,211.0
14926,203.0
2645,213.0
32749,203.0
429,226.0
14807,218.0
25889,193.0
8442,203.0
25591,209.3661652652903
21912,208.0
27731,203.0
34078,234.0
7891,181.0
13620,203.0
12678,211.0
3356,181.0
26407,234.0
15207,232.0
4819,197.0
5134,198.0
2351,208.0
8202,284.0
35978,203.0
6434,211.0
25063,209.0
40230,197.61
41213,203.0
7892,209.0
26290,232.0
17191,201.0
24525,233.0
6275,192.0
26675,193.0
37773,190.0
9267,224.0
26134,200.0
39721,203.0
22478,210.0
33726,155.02
37555,187.0
1398,211.0
11797,208.0
21297,197.0
1323,224.0
18607,200.0
36583,209.0
12009,161.0
35834,222.0
13701,203.0
9856,218.0
15785,209.0
14445,197.0
10708,203.0
31790,234.0
1467,203.0
17447,117.68
34042,213.0
26697,211.0
11893,234.0
32205,190.0
32145,195.0
36522,190.0
36641,213.0
23719,200.0
470,210.0
11165,197.0
27768,136.16
7155,190.0
24899,241.0
13914,193.0
262,219.0
32915,190.0
3829,209.33474678171092
13852,209.0
13364,209.0
4855,216.0
1985,128.8
29617,234.0
15268,214.0
39433,207.0
3253,216.0
40576,214.0
26845,213.0
5121,187.0
15278,230.0
30609,211.0
17474,129.66
41251,216.0
31989,189.0
21628,193.0
28271,234.0
30814,209.3221911283161
27019,189.0
12184,197.0
21829,134.03
32207,214.0
15520,118.6
24521,189.0
12119,227.0
21820,200.0
5567,189.07
18126,224.0
35012,226.0
20994,200.0
27222,195.0
26361,242.0
12434,118.98
28570,223.0
38628,218.0
23492,103.0
20592,193.0
33203,187.0
10598,209.0
2528,197.0
25213,213.0
35593,197.0
29713,245.66
29485,208.0
35559,218.0
18572,107.92
7567,198.0
23865,218.82
1554,209.0
39662,203.0
40705,208.0
6293,193.0
15102,124.21
15637,214.0
32160,197.0
25701,338.16
11798,211.0
20720,211.0
18190,135.1
22710,209.0
35040,197.0
9974,203.0
10527,190.07
38364,133.0
35524,198.0
38326,198.0
34000,197.0
32380,218.0
37634,203.0
7722,238.0
36006,134.0
21482,203.0
21495,210.0
31732,241.0
11810,211.0
31745,188.0
10331,211.0
33042,203.0
1786,205.0
39615,193.0
14500,203.0
32834,109.97
16510,168.66498849112702
35306,216.0
624,227.0
7705,131.0
20794,229.0
28764,218.0
4750,216.0
3445,224.0
34945,189.0
22882,211.0
34055,193.0
35949,138.35
8020,211.0
2830,189.0
24894,126.72
10732,114.74
4034,203.0
26750,203.0
25579,198.0
7335,180.44
1895,197.0
21844,208.0
23766,203.0
16003,230.0
33842,203.0
21807,190.0
25455,190.0
6948,203.0
33959,187.0
1623,223.0
11265,210.0
31944,155.13
2247,209.0
14463,209.0
24333,218.0
22811,234.0
8059,137.92
8090,218.0
33404,197.0
14921,203.0
26413,226.0
27827,146.05
10490,232.0
40157,211.0
24445,200.0
12966,211.0
10151,279.0
23789,232.0
31423,226.0
22279,200.0
6912,216.0
10742,201.0
12737,192.0
3214,203.0
30040,216.0
4128,214.0
3698,190.0
3105,203.0
31716,226.0
24707,190.0
23193,218.0
27536,198.0
24749,213.0
25852,308.0
12868,213.03
33637,187.0
40091,198.0
12006,197.0
32675,206.0
20060,203.0
19044,193.0
17311,134.88
33904,131.0
34950,210.0
7183,197.0
13401,227.0
33880,208.0
35137,128.55
304,232.0
1484,232.0
3001,113.0
480,308.0
10428,195.0
20532,232.0
24782,234.0
15431,180.0
40778,232.0
25031,181.0
25733,210.0
5662,211.0
5288,203.0
24147,216.0
28486,190.0
5525,209.3221911283161
25983,190.0
6821,218.0
40263,214.0
22862,216.0
25115,200.0
41239,193.0
32865,175.0
26537,198.0
15406,216.0
9685,135.0
4785,139.0
34461,134.05
40318,213.0
26153,216.0
6646,211.0
28227,115.62
31549,110.13
2191,211.0
17747,127.99
14788,198.0
19487,183.495
33420,205.0
24211,211.0
31648,209.5079745031371
35155,200.0
36591,194.0
26476,195.0
33772,208.0
25673,234.0
24223,193.0
1640,184.7566666666667
18853,181.0
8489,193.0
7755,222.0
15219,195.0
33213,195.0
35393,208.0
38729,219.0
7974,103.78
550,208.0
28524,198.0
37095,209.0
38353,195.0
33260,214.0
21006,190.0
10676,180.0
12154,195.0
70,194.0
12604,203.0
33201,203.0
1442,233.0
6735,279.0
29917,203.0
4401,203.0
853,192.0
30300,198.0
28655,214.0
21060,190.0
26384,187.0
38869,229.0
28945,193.0
20268,208.0
10171,193.0
10138,208.0
3705,180.0
30226,279.0
20336,214.0
16377,192.0
22572,238.21
40928,198.0
2915,222.0
12962,213.0
128,195.0
2300,233.0
16338,197.0
17746,224.0
34459,208.0
1175,139.57
22342,193.0
21616,200.0
27695,208.0
26098,190.0
28727,232.0
26544,210.0
8687,206.0
25404,216.0
31857,187.0
6689,203.0
22457,209.0
20833,218.0
33150,128.99
18403,214.0
16274,216.0
8508,243.0
31754,234.0
39321,219.0
24072,270.0
4647,196.41
16797,224.0
23233,195.0
9667,189.0
35704,280.0
29477,134.0
19148,208.0
20368,122.0
15606,208.0
7577,272.0
24540,181.0
17840,181.53333333333336
469,224.0
33186,203.0
22798,168.81790739815742
1240,203.0
8829,209.0
10646,203.0
29509,203.0
20005,195.0
38517,197.0
21488,216.0
24579,203.0
2348,203.0
18865,216.0
34648,189.0
9027,163.98333333333335
15780,203.0
5941,211.0
5683,197.0
14036,135.0
28297,178.93
11222,216.0
4518,208.0
8279,209.0
29773,226.0
25321,214.0
31189,198.0
39521,198.0
26175,218.0
2757,156.25
36193,284.0
8939,216.0
27199,190.0
12147,216.0
11667,226.0
21210,194.0
861,209.0
39557,134.0
34483,197.0
10378,143.81
39046,203.0
23449,221.0
32577,190.0
24257,232.0
1483,203.0
21535,125.61
7416,198.0
20580,187.0
2182,149.02
33095,216.0
26304,187.0
27979,224.0
25512,232.0
25132,197.0
25907,193.0
11979,204.75
22827,127.13
7237,211.0
22546,218.0
24994,193.0
14802,226.0
38484,190.0
15361,189.0
38731,181.0
34496,194.0
6600,187.0
30194,216.0
8277,240.0
36638,190.0
37659,216.0
3885,193.0
39602,189.12
38037,195.0
9311,189.16
8293,193.0
27596,232.0
2761,234.0
27255,209.3661652652903
24456,218.0
22109,210.0
7406,211.0
15931,203.0
8482,180.19
29226,214.0
12893,197.0
13488,218.0
26229,163.0
37622,218.0
3886,210.0
31807,211.0
926,203.0
38030,211.0
34366,129.0
19869,229.0
31118,197.0
34339,195.0
2020,189.0
14189,214.0
10137,193.0
15826,200.0
19666,198.0
5223,197.0
15388,218.0
37030,279.0
35706,240.0
9281,197.0
3161,269.0
28664,176.18
10153,215.0
34837,208.0
16947,214.0
37850,209.0
35345,216.0
21433,198.0
3944,218.0
2174,203.0
28858,206.0
14459,214.0
4990,209.0
27945,206.0
32288,215.0
39180,227.0
30509,218.0
37021,197.0
4243,208.0
33895,200.0
499,119.8
9134,221.0
34131,218.0
1453,181.69
35919,208.0
20075,211.0
19269,211.0
32579,216.0
5925,222.0
8790,181.0
2554,198.0
12845,222.0
19794,226.0
19594,203.0
36177,209.0
5216,123.97
27392,218.0
11484,190.0
6188,203.0
18586,230.0
4217,195.0
40767,216.0
13596,152.88
4325,181.0
27034,190.0
41205,181.0
6739,224.0
21279,222.0
15119,284.0
75,203.0
11947,197.0
16180,198.0
36759,214.0
39874,216.0
17688,197.0
21280,214.0
19391,128.92
25352,213.0
40737,218.0
10994,284.0
6119,209.0
19670,199.0
8568,203.0
22544,107.48
311,216.0
17834,181.0
29107,118.86
4336,216.0
6326,224.0
8321,195.0
6769,208.0
22901,224.0
4530,234.0
4740,272.0
5692,110.0
15561,218.0
10421,209.0
6703,222.0
3431,195.0
18917,189.0
16124,137.97
29979,203.0
11034,203.0
39053,224.0
37029,232.0
8801,209.41941414951606
6810,193.0
7893,197.0
20485,208.0
41181,127.0
32690,200.0
9126,109.75
21289,197.0
33850,214.0
29162,211.0
40185,209.0
10277,203.0
8639,232.0
8156,195.0
2608,181.0
25695,181.0
29499,208.0
5186,195.0
438,198.0
14310,227.0
8966,203.0
6480,269.0
34661,203.0
22749,203.0
5847,209.0
15983,210.0
30239,195.0
3640,214.0
6367,234.0
12525,289.0
11841,197.0
16936,135.87
35512,209.33474678171092
28674,218.0
38685,190.0
28031,198.0
16329,209.0
18441,193.0
37034,232.0
14286,104.31
37116,213.0
25195,107.13
37326,209.0
1072,203.0
28700,203.0
38011,209.0
34399,168.0
30530,211.0
3564,187.0
2813,200.0
38496,232.0
36944,187.0
38931,118.72
36812,190.0
29624,198.0
31901,203.0
29824,233.0
17645,241.0
2992,203.0
5034,104.95
26729,197.0
38852,221.0
16109,195.29
23313,203.0
21073,159.49
12802,203.0
8944,181.0
34424,195.0
1,216.0
6921,195.0
15041,195.0
25233,232.0
6400,218.0
16172,232.0
13985,216.0
41145,186.03
32688,195.0
1426,203.0
20957,208.0
41033,202.0
25228,207.0
29559,127.27
35498,209.26572417461983
26937,243.0
18941,232.0
10260,109.9
28634,208.0
3150,222.0
35518,241.0
1656,209.0
12240,86.84
35545,190.0
39440,222.0
14424,211.0
11674,211.0
1034,216.0
37997,213.0
8718,218.0
9240,224.0
7578,138.24
25177,144.7017142857143
896,209.0
2826,211.0
2982,209.0
10308,203.0
40561,125.3
36285,209.0
30842,197.0
11359,190.0
37239,221.0
40706,197.0
3018,209.0
6165,115.12
14865,221.0
19568,190.0
2464,211.0
34517,218.0
5654,190.0
7449,163.56816666666668
15486,259.0
17975,126.12
39484,216.0
30773,103.47
26938,123.74157930713076
24159,197.0
18365,190.0
39455,224.0
1675,284.0
31421,200.0
19812,115.52
14194,238.0
27459,202.0
25663,213.0
11187,218.0
2231,197.0
35887,148.22
17730,213.0
26846,211.0
36386,197.0
13,238.0
16530,207.0
14971,210.0
34532,209.0
34867,203.0
39551,195.0
1418,226.0
1536,219.0
38742,218.0
19822,187.0
27943,141.08
27613,229.0
10090,197.0
41169,214.0
23740,205.0
40752,195.0
10214,222.0
15459,187.0
6705,232.0
34511,193.0
3935,195.0
4285,129.0
23858,223.0
39387,203.0
22969,195.0
24567,198.0
35572,224.0
8132,227.0
25789,216.0
14427,198.0
39162,203.0
1784,129.01
1213,197.0
6493,221.0
23774,209.0
28748,203.0
22599,192.0
11670,193.0
6969,209.0
26906,198.0
33936,187.0
31251,149.45
2095,208.59
13143,211.0
19678,114.11
33242,203.0
17928,193.0
6753,203.0
28192,192.0
23367,90.13
26647,190.0
32291,208.0
38918,210.0
8413,209.0
29744,232.0
21220,214.0
5775,214.0
20687,190.0
9887,183.465
2980,230.0
12957,229.0
49,192.0
15081,190.0
6134,207.0
4543,203.0
13604,208.0
28912,208.0
32231,216.0
26313,181.0
4564,138.0
24120,198.0
38905,190.0
19155,214.0
20697,198.0
11257,234.0
631,202.0
5011,232.0
21532,232.0
4178,190.0
27572,195.0
24919,208.0
25955,158.6
33437,153.4
4689,144.08
37971,120.18
16358,221.0
40244,211.0
32187,234.0
19964,224.0
13353,193.0
29530,124.0
28035,192.0
26648,209.0
15243,143.42
20349,195.0
3861,197.0
35652,211.0
35505,321.0
38379,243.0
32538,203.0
24353,224.0
36030,207.0
27385,145.0
15073,209.0
39633,190.0
32367,214.0
23873,181.0
9000,198.0
31391,179.0
26934,200.0
4867,208.0
23493,224.0
27292,241.0
7822,200.0
39849,226.0
36400,209.0
29248,207.02
33800,203.0
1174,128.02
34017,197.0
4974,237.57876190476188
26487,193.0
7289,251.97
3265,203.0
16419,223.91
38478,203.0
22817,201.0
596,198.0
15435,117.02
36974,193.0
11601,218.0
16875,214.0
26813,214.0
25331,201.0
21865,213.0
18389,214.0
1478,321.83
12104,187.0
1078,190.0
24593,223.0
25412,124.0
9588,216.0
35696,197.62
25478,211.0
471,211.0
35578,216.0
2990,197.0
36815,269.0
36752,181.0
9141,142.08
8494,197.0
26820,190.0
32279,221.0
21967,123.87
12637,216.0
5053,187.0
17895,194.0
20486,198.0
31373,215.0
31151,208.0
22872,214.0
33599,198.0
7615,200.0
7950,234.0
17406,224.0
28612,203.0
21476,209.29894667578722
11527,219.0
6549,214.0
12921,209.0
18362,190.0
31332,190.0
38769,197.0
3418,218.0
19429,232.0
27661,200.0
27571,226.0
18707,190.0
8564,284.0
38426,129.45
13925,200.0
13413,211.0
23076,189.0
19780,218.0
36596,190.0
4449,320.58
28891,232.0
3933,335.19
26538,213.0
38672,203.0
38298,195.0
1566,209.0
428,193.0
21992,218.0
7040,216.0
12181,221.0
32820,211.0
96,189.0
14765,218.0
27148,189.0
17047,200.0
24013,200.0
23311,214.0
19170,195.0
8445,216.0
2893,214.0
12659,224.0
9061,189.0
22788,200.0
6526,198.0
16837,211.0
36824,131.0
30918,197.0
24012,209.0
40124,200.0
27795,218.0
5159,213.0
5354,203.0
2265,199.04
31291,197.0
1162,193.0
20186,198.0
23728,203.0
37880,181.0
5195,203.0
16596,197.0
37775,197.0
19284,211.0
4241,190.0
18270,250.38
39564,275.03
22730,201.0
1413,213.0
8504,174.92
17995,187.0
24218,214.0
6146,142.06
38135,229.0
38512,211.0
39394,240.0
15806,232.0
39618,203.0
38041,234.0
29331,203.0
29994,203.0
22617,131.0
28165,203.0
34012,184.0
30247,195.0
29763,218.0
31752,216.0
447,193.0
4559,214.0
800,209.4937475579976
18349,142.73
27658,195.0
38637,238.0
9025,209.0
31939,195.0
14314,193.0
36431,216.0
27441,230.0
14611,226.0
37610,216.0
18749,200.0
9792,203.0
2877,226.0
32107,223.0
24932,200.0
5881,190.0
19038,190.0
18245,203.0
30714,199.0
23420,232.0
21241,198.0
23517,129.57
40645,226.0
24801,197.0
18495,218.0
26257,187.0
8476,200.0
7580,216.0
204,221.0
17944,218.0
20928,209.47711288792902
38789,118.71
33112,230.0
37686,198.0
1562,206.0
584,232.0
5457,218.0
5114,128.94
34343,203.0
31757,214.0
19718,211.0
1968,138.97
32546,221.0
24505,279.0
27261,222.0
3350,232.0
14177,201.0
20322,120.0
32019,203.0
14572,131.0
27352,224.0
15865,270.28
33375,197.0
12895,195.0
34361,128.28
37408,213.0
21388,190.0
22489,195.0
23529,203.0
3000,187.0
40265,180.0
35004,197.0
35188,206.0
19958,147.8
38521,189.0
18307,243.0
86,321.0
724,335.19
12364,193.0
8920,240.0
35758,195.0
38015,208.0
16367,197.0
15868,226.0
18505,213.0
37762,193.0
25413,219.0
6556,142.0
13196,214.0
41209,195.0
20009,208.0
3269,187.0
6415,227.0
22762,197.0
37344,214.0
36836,226.0
2325,203.0
39185,203.0
31103,197.0
23918,234.0
14725,202.92
2585,203.0
38590,203.0
35791,179.9
35216,197.0
31582,187.0
20346,208.0
35209,193.0
13610,207.0
9044,116.27
30838,135.73
32923,189.0
29382,216.0
6161,209.0
1023,197.0
33033,210.0
16145,203.0
36652,200.0
32893,215.0
26511,197.0
5815,195.0
31874,226.0
34499,195.0
32237,284.0
28599,108.45094444444449
7337,232.0
18636,190.0
12116,214.0
1763,193.0
6839,181.0
27218,189.0
38082,195.0
1270,216.0
17403,181.0
22126,203.0
18735,138.94
33580,200.0
1232,216.0
29501,203.0
11472,216.0
11902,222.0
22690,209.78812545787548
26850,216.0
7945,189.0
31592,197.0
5809,218.0
2595,213.0
1188,219.0
15311,208.0
18247,219.0
35408,214.0
40880,197.0
10353,203.0
10398,175.0
13468,197.0
36290,181.0
33884,197.0
34139,197.0
31683,118.95
25497,210.0
7678,197.0
1303,209.0
18336,74.73
15168,269.0
23860,222.0
441,190.0
13069,192.0
36090,223.0
1599,175.0
2149,198.0
13600,201.0
31904,203.0
31666,197.0
15337,221.0
39701,131.0
24764,134.0
24425,209.0
21720,203.0
12799,209.0
38419,216.0
9100,200.0
22739,216.0
8409,190.0
7487,214.0
35812,203.0
13310,216.0
11757,230.0
2133,209.0
2650,279.0
15307,216.0
15046,119.67
15016,185.86
9564,241.0
34868,232.0
20021,195.0
40891,211.0
14748,218.0
19570,211.0
18104,193.0
12188,197.0
6350,209.0
11489,203.0
28288,203.0
10405,216.0
5857,203.0
13957,216.0
40742,190.0
39203,203.0
29630,203.0
38492,195.0
25914,209.0
24421,154.22
14005,269.0
30375,203.0
27024,187.0
34115,229.0
2116,209.0
11262,203.0
26877,211.0
8111,209.26572417461983
24965,226.0
10287,147.9
7321,214.0
27011,209.0
11348,209.0
22824,193.0
12469,208.0
263,232.0
10157,210.0
38445,234.0
273,124.88
28564,197.0
25057,193.0
5071,195.0
18137,198.0
5260,224.0
29420,147.9
32359,206.0
1194,211.0
11562,193.0
36952,203.0
11300,214.0
19143,213.0
9590,194.0
4421,232.0
20041,203.0
25960,195.0
31426,135.7
26037,154.34
35091,102.53
24534,193.0
12923,203.0
38392,203.0
24748,239.05
22018,241.0
22769,203.0
5128,216.0
7565,181.0
4520,232.0
24609,213.0
40383,203.0
6108,226.0
35397,105.86666666666666
4183,222.0
40654,230.0
5488,221.0
4672,127.29
26780,209.0
32740,208.0
37223,234.0
25257,218.0
15961,139.14
23260,221.0
38213,208.0
11119,197.0
14229,181.0
10797,197.0
1157,216.0
36857,230.0
24227,335.52
25543,197.0
28086,218.0
18295,197.0
33234,284.0
31077,98.43
28704,243.0
17252,195.0
20745,238.0
32790,135.0
12135,222.0
37891,226.0
27329,187.0
32148,279.0
40741,198.0
33675,135.06
26759,168.49
16270,221.0
2741,218.0
25164,218.0
25516,214.0
343,226.0
19616,224.0
15895,234.0
38573,134.46
37961,131.0
14221,187.0
12574,209.0
18119,200.0
16629,138.95
2308,218.0
6133,209.0
39833,209.0
1339,218.0
5872,284.0
16731,218.0
25253,206.0
15011,209.0
17208,349.97
1699,227.0
6014,200.0
15884,166.08
30745,240.0
19817,214.0
9444,218.0
29428,211.0
35294,232.0
33670,279.0
30752,187.0
35635,187.0
17483,216.0
8648,208.0
37930,209.0
10999,193.0
26862,198.0
505,193.0
28650,190.0
31739,198.0
34061,181.0
34897,197.0
18938,98.9
17135,190.0
21055,195.0
20007,234.0
13993,146.685
21169,190.0
18894,208.0
31452,209.0
11558,210.0
10798,232.0
20610,181.0
40209,200.0
40227,216.0
34795,191.97
9598,284.0
5434,211.0
34176,218.0
31607,200.0
322,208.0
8249,193.0
8116,211.0
10536,319.6
26774,118.96
5020,195.0
13581,218.0
39400,213.0
32452,195.0
31247,131.0
36461,115.8
14856,203.0
6698,279.0
13557,218.0
12257,195.0
35649,216.0
39444,216.0
39838,222.0
8658,134.19
26381,187.0
7638,192.0
28301,208.0
621,209.0
37758,207.0
3953,216.0
35271,216.0
37729,187.0
24731,124.08
22376,192.0
40985,223.0
27189,195.0
31092,187.0
11499,224.0
14280,203.0
18598,148.14023809523812
9767,193.0
21149,203.0
30004,211.0
14174,190.0
33808,159.13
32508,208.0
39234,222.0
30284,195.0
13077,224.0
7336,200.0
26238,183.255
8480,234.0
509,210.0
40217,198.0
19295,208.0
5533,181.0
4455,209.0
13514,200.0
33868,199.0
5501,232.0
36080,190.0
10746,203.0
11854,218.0
6808,234.0
22845,232.0
18501,203.0
29199,214.0
26528,242.0
3929,192.0
4949,218.0
2649,218.0
26022,203.0
32645,208.0
29666,190.0
17185,126.12
8343,162.04
3836,203.0
22806,213.0
4526,189.0
19137,213.0
5754,214.0
38177,197.0
20214,190.0
38673,224.0
4913,130.79
40679,205.0
4448,224.0
10079,195.0
23101,218.0
18363,207.0
21860,193.0
30604,181.0
38678,198.0
21041,284.0
3141,203.0
38295,221.0
18410,209.0
11605,222.0
18338,216.0
9339,232.0
2984,218.0
26440,279.0
748,211.0
32705,205.0
21261,215.0
377,218.0
22548,224.0
16764,197.0
38106,195.0
28790,193.0
20280,142.0
21126,232.0
31335,209.0
34146,209.0
20826,209.0
5687,221.0
32351,211.0
38987,226.0
10183,232.0
11834,189.0
4237,203.0
27628,224.0
3931,209.0
4556,181.0
15885,209.0
3074,216.0
38273,203.0
21599,198.0
29200,213.0
4160,190.0
22501,154.73
31668,197.0
22531,197.0
25776,149.696
17512,192.0
2240,197.0
26108,181.0
38066,223.0
40652,209.0
39923,209.0
29046,213.0
14848,197.0
28925,213.0
16801,118.94
180,213.0
10192,209.0
26491,214.0
1616,208.0
28456,218.0
3049,232.0
26994,156.0
33577,211.0
19245,209.0
10146,216.0
4291,246.0
14649,190.0
37585,210.0
4215,211.0
17516,192.0
27062,209.0
31797,207.0
29085,209.0
3785,209.0
5749,213.0
15547,197.0
16386,213.0
37273,211.0
30582,227.0
37812,231.03
40913,197.0
38391,232.0
37471,203.0
9648,232.0
23222,193.0
3539,193.0
29288,284.0
19608,211.0
14606,197.0
5360,240.0
2043,200.0
12256,216.0
40775,208.0
1243,112.17
34551,155.89
4144,242.0
39908,203.0
18555,230.0
25101,134.98
31363,205.0
37728,195.0
13148,200.0
2858,209.89
34445,198.0
35175,209.0
7401,230.0
37616,209.0
38980,140.0
13748,203.0
27462,224.0
10091,209.0
11121,122.0
22374,76.51
6366,214.0
1346,133.98
1179,216.0
35934,205.0
9123,211.0
39169,211.0
3102,190.0
6923,207.0
8879,219.0
23637,180.73
9576,214.0
2277,203.0
25374,133.97
31114,153.66
34311,347.22
40889,209.0
32938,166.72
37470,210.0
35913,213.0
19579,203.0
23075,211.0
17036,234.0
10755,116.1
16690,140.0
20645,205.0
32054,203.0
37040,197.0
6902,148.2
19786,195.0
18772,284.0
19931,195.0
17721,213.0
5676,284.0
30325,193.0
38388,209.47711288792902
21016,221.0
38422,195.0
38366,181.0
41236,221.0
13664,234.0
7707,234.0
501,217.24
36743,197.0
28325,272.0
35446,157.57
35074,211.0
22579,195.0
20899,209.0
24793,203.0
2885,190.0
16495,205.0
22073,203.0
14741,215.0
5610,213.0
22545,241.0
2935,284.0
2232,209.0
13497,203.0
40253,232.0
33730,154.63
4800,213.0
32422,234.0
12234,166.76
28194,241.0
32162,234.0
21564,209.0
316,230.0
12671,128.85
26378,214.0
8780,211.0
34932,218.0
35379,224.0
26282,142.64
28701,190.0
1332,222.0
25729,213.0
23942,208.0
26248,218.0
10444,195.0
278,222.0
12307,129.0
32283,129.96
2374,279.0
32989,198.0
6529,193.0
22379,246.0
33286,235.0
41157,224.0
9826,181.0
24597,214.0
31104,213.0
21227,197.0
34106,209.0
374,127.25
15671,216.0
2087,153.81
36296,216.0
24040,232.0
3104,203.0
28103,225.0
7586,112.54666666666667
22712,211.0
11343,134.0
34245,192.0
1253,160.77
6898,240.0
5426,209.0
17780,232.0
17367,222.0
12053,203.0
39413,190.0
20351,248.01
30891,119.42
5342,200.0
2360,195.0
17582,193.0
22902,229.0
4156,203.0
21674,213.0
21461,189.0
30374,208.0
13151,262.0
27185,209.0
40302,203.0
28741,211.0
29572,208.0
29064,145.0
7592,197.0
5893,218.0
16776,205.0
2323,161.95
498,209.0
8569,224.0
15364,94.9
21713,272.0
19876,211.0
31442,115.18
26521,209.4243133941222
18455,124.0
12148,192.0
3604,187.0
22814,216.0
6340,148.97732142857143
13114,195.0
32466,197.0
12024,143.91
396,214.0
11195,272.0
27354,226.0
15750,218.0
26642,226.0
31089,197.0
9701,244.79
28770,207.0
32414,269.0
24987,135.0
35182,208.0
17381,193.0
22395,126.3
20262,218.0
22324,209.0
5325,203.0
35816,162.6075
20696,214.0
24589,211.0
29255,216.0
27986,209.0
20019,347.21
31264,209.0
35719,190.0
7732,198.0
10959,279.0
16077,197.0
31779,98.1
31127,193.0
20596,195.0
17808,209.0
29778,208.0
39634,216.0
24896,218.0
7759,198.0
25285,275.03
15699,197.0
8034,215.0
32789,200.0
34639,216.0
38330,119.11
10863,221.0
28787,238.0
18712,203.0
21023,192.0
41007,203.0
16026,189.0
24730,209.0
19027,192.0
8537,189.03
3227,119.05
24275,200.0
24698,197.0
20916,332.97
16230,203.0
36019,120.11
26879,193.0
18818,197.0
40422,224.0
29333,216.0
16294,197.0
475,279.0
10092,203.0
10351,154.94
35276,203.0
3818,133.58
36433,213.0
928,234.0
19274,211.0
22638,203.0
28880,218.0
18370,216.0
9159,200.0
4048,216.0
27133,221.0
26730,238.0
16666,197.0
40914,213.0
16894,222.0
35402,227.0
25861,221.0
16401,207.0
29653,207.0
24983,213.0
37844,187.0
24807,234.0
457,246.0
7653,211.0
38551,203.0
9391,213.0
39074,226.0
17011,192.0
6914,111.70789682539684
1638,211.0
25268,198.0
38240,218.0
41032,211.0
17963,222.0
8087,197.0
1219,200.0
20315,192.0
18804,187.0
3388,211.0
19365,193.0
39977,136.44
32045,209.0
29853,216.0
22847,187.0
16948,214.0
27807,194.0
39390,197.0
15117,209.0
6043,214.0
32531,123.71
35299,208.0
5864,200.0
10735,218.0
40552,213.0
39119,209.3661652652903
2290,232.0
35750,157.4
27722,208.0
11980,153.0
28534,181.0
3028,232.0
29747,140.0
27401,221.0
26207,200.0
14836,211.0
11626,111.70789682539684
28121,241.0
4,214.0
28923,102.65
36625,208.0
8982,203.0
25932,160.98
1668,221.0
7390,203.0
39890,230.0
37062,195.0
11072,224.0
30576,171.95
15180,226.0
2289,203.0
32251,198.0
16699,214.0
27059,102.8
11060,187.0
36328,131.97
911,203.0
33275,209.0
41066,181.0
26074,190.34
25445,241.0
19771,187.0
3555,203.0
13974,225.0
27294,214.0
30837,218.0
1000,130.06
2505,198.0
8952,190.0
31274,203.0
37056,203.0
28110,216.0
772,234.0
15054,218.0
31604,208.0
11607,140.0
9836,197.0
32741,193.0
17969,203.0
13695,218.0
12971,208.0
26545,200.0
9038,279.0
36787,218.0
22726,208.0
277,218.0
8368,197.0
14764,284.0
5144,203.0
20206,88.25
16825,216.0
32150,216.0
27903,193.0
2279,203.0
1912,216.0
25799,216.0
11048,222.0
10734,202.0
29006,214.0
9632,224.0
6663,216.0
21413,311.0
5227,222.0
5707,193.0
9932,224.0
29346,213.0
20453,190.0
35955,229.0
9398,208.0
15018,203.0
18180,211.0
34549,197.0
27639,198.0
23111,224.0
34297,208.0
36993,238.0
1146,141.0
23585,211.0
35254,222.0
21429,234.0
31979,198.0
4289,147.14
25882,187.0
36722,198.0
22850,238.0
13905,234.0
11583,195.0
8857,299.0
261,200.0
2145,218.0
30155,203.0
22236,197.0
15665,181.0
26264,197.0
7161,208.0
22268,181.0
9565,213.0
15129,186.02
23802,158.84
24171,192.0
15253,216.0
39754,203.0
2507,208.0
19832,181.0
22229,213.0
27124,237.13
20658,218.0
14803,209.33474678171092
36201,209.0
9451,181.0
7090,140.0
31586,248.01
33837,232.0
23651,189.0
39942,223.0
1427,214.0
5959,190.0
11644,218.0
5661,284.0
6233,240.0
4203,198.0
32029,219.0
30074,218.0
32545,110.05
2730,111.25
6892,213.0
18965,189.0
15714,211.0
21356,122.0
11899,203.0
35162,129.01
8350,203.0
15146,203.0
33732,187.0
30525,197.0
2622,175.0
19969,234.0
1801,208.0
31856,219.0
7725,189.0
9192,279.0
17828,232.0
34830,224.0
29433,234.0
23689,214.0
26692,232.0
29093,198.0
1285,179.33666666666667
34407,197.0
3243,198.0
7402,284.0
13588,216.0
1901,203.0
35008,284.0
17515,190.0
516,197.0
3108,200.0
1416,238.0
40373,136.5
36863,235.0
39485,218.0
985,200.0
11477,201.0
22950,216.0
13946,214.0
15191,197.0
8726,233.0
3899,203.0
30708,218.0
29399,200.0
566,197.0
37185,197.0
24830,181.0
14295,284.0
28076,203.0
25986,216.0
4032,213.0
40377,198.0
21443,230.0
25258,216.0
19246,211.0
25982,203.0
26741,181.0
11466,180.25
12250,116.66
21571,213.0
32641,144.08
15788,190.0
12995,197.0
19683,216.0
33639,216.0
30120,213.0
7264,219.0
19431,284.0
39366,241.0
11732,147.26
22879,209.41941414951606
32899,221.0
37785,146.21
2496,193.0
30419,140.0
25392,193.0
26464,214.0
18809,203.0
12547,224.0
22747,200.0
36243,197.0
21317,213.0
26695,230.0
6404,224.0
11960,241.0
40917,209.0
37798,259.0
10538,200.0
30813,209.0
30424,232.0
8869,238.0
15621,203.0
19106,197.0
1052,208.0
28094,208.0
3056,134.98
3619,195.0
19922,214.0
13867,175.54
25080,214.0
33829,136.03
27947,163.0
29032,127.05
18189,193.0
8362,210.0
14492,234.0
8200,214.05
36831,200.0
28146,137.06
1012,203.0
15800,222.0
24414,198.0
28124,209.78812545787548
29115,203.0
4729,114.99
1109,193.0
9287,203.0
26330,203.0
38100,213.0
7431,203.0
31048,234.0
39549,198.0
21893,224.0
1107,193.0
21772,198.0
1133,154.5
25617,187.0
24800,195.0
17608,203.0
22709,168.0
40255,195.0
26602,141.32
37787,216.0
19025,218.0
13544,213.0
31888,195.0
22885,209.0
3855,192.0
36249,203.0
31410,209.26572417461983
36186,200.0
35513,219.0
13130,103.47
25674,213.0
20123,218.0
36273,197.11
11487,195.0
10134,231.01
11015,193.0
29537,203.0
3986,214.0
16587,213.0
28883,111.70789682539684
32445,224.0
35656,203.0
31559,229.0
18418,209.0
36306,201.0
15490,202.0
31316,208.0
2825,208.0
27351,232.0
4199,187.0
35215,232.0
1491,224.0
36998,114.96
11430,209.0
38327,238.0
40177,210.95
32137,224.0
13041,232.0
5726,213.0
40947,113.0
31079,280.0
15505,193.0
19970,145.0
30122,197.0
31210,203.0
2856,224.0
13332,195.0
9366,153.84
26713,208.0
18683,197.0
27260,103.89
18949,213.0
20647,189.0
843,224.0
14697,190.0
39805,221.0
33098,346.79
29934,109.31
6648,200.0
14302,187.0
32578,203.0
479,190.0
17432,206.0
36949,218.0
12153,181.0
16214,211.0
266,98.64
38561,170.0
6418,126.0
1090,181.0
7563,111.15427380952381
14402,232.0
17313,221.0
1124,209.159622016872
38744,189.0
35380,197.0
3193,243.0
35085,138.78
11096,94.9
37933,195.0
27038,203.0
6868,203.0
29645,181.0
24164,209.0
10279,209.0
13014,195.0
29311,198.0
7743,209.0
1048,197.0
40855,208.0
12487,218.0
22698,190.0
31070,218.0
12571,198.0
2952,195.0
36293,205.0
409,218.0
31840,209.0
29599,208.0
28281,232.0
8105,203.0
23030,197.0
20903,223.0
27714,203.0
10560,195.0
19152,208.0
16094,195.0
18644,187.0
26011,192.0
842,192.0
37257,195.0
37293,208.0
8295,142.31
28856,190.0
18326,153.66
30051,269.0
17795,120.0
12423,140.0
19185,198.0
7778,270.1
37561,216.0
2150,223.0
9555,209.0
10600,197.0
8374,202.0
2680,211.0
3930,240.0
40860,197.0
25096,230.0
24116,233.0
13904,208.0
22137,200.0
39842,187.0
24443,208.0
573,198.0
5751,154.04
38779,221.0
1465,211.0
884,214.0
27551,240.0
20244,197.0
38060,216.0
3438,198.0
27782,203.0
4165,226.0
14224,197.0
3441,208.0
1846,234.0
2029,195.0
2851,211.0
27553,195.0
36140,198.0
2561,102.03
30068,211.0
19720,214.0
4657,284.0
29600,210.0
25916,189.0
29367,207.0
18633,214.0
40412,207.0
6874,203.0
13857,209.0
29604,148.78
25655,209.0
5199,170.0
29951,198.0
13101,269.0
27550,196.41
30294,186.12
38978,214.0
10562,218.0
35075,193.0
33428,197.0
21412,243.0
13104,197.0
22438,208.0
34094,209.0
31993,203.0
19150,195.0
25620,117.34
15516,224.0
14607,193.0
34845,187.0
39667,181.0
30792,284.0
8135,203.0
41041,216.0
38219,216.0
19902,232.0
32837,214.0
7029,181.0
34182,187.0
19021,209.0
108,203.0
8040,199.0
5576,208.0
8617,284.0
19602,211.0
13670,211.0
1108,192.0
28222,216.0
39905,214.0
4009,222.0
40107,209.0
35291,181.0
29884,197.0
29547,208.0
7594,162.41
18266,202.0
18388,218.0
38943,285.0
38871,209.29894667578722
7251,224.0
609,197.0
20990,209.0
23014,213.0
34344,171.0
20496,213.0
20591,138.51
3142,198.53
12843,189.0
17287,216.0
4815,198.0
4884,232.0
1441,187.0
14217,190.0
25535,213.0
12426,203.0
6039,284.0
30054,213.1
20048,226.0
3035,190.0
5170,209.0
1131,226.0
20563,198.0
27085,211.0
6915,218.0
29980,226.0
16828,168.0
26497,224.0
12092,213.0
36841,208.0
17874,122.0
27679,194.0
27941,203.0
3219,203.0
33556,230.0
31404,192.0
40850,203.0
8807,142.0
17865,246.0
28985,200.0
22859,197.0
31756,234.0
11149,195.0
12986,203.0
18285,198.97
13452,208.0
39194,234.0
28556,218.0
18729,216.0
18967,221.0
35574,187.0
12261,284.0
25590,139.0
27921,193.0
13927,240.0
268,209.0
5148,181.0
19833,203.0
1474,197.0
25141,209.33474678171092
25021,216.0
33337,187.0
36301,190.0
1553,240.0
38981,198.0
5306,195.0
9116,181.0
19412,208.0
37960,218.0
35868,195.0
1423,203.0
52,215.0
27587,195.0
274,195.0
27091,195.0
15767,284.0
29103,209.0
17099,181.0
5395,209.0
25200,197.0
17815,214.0
26455,193.0
37186,232.0
17614,200.0
6237,222.0
30432,203.0
15978,203.0
15526,224.0
6282,181.0
24721,126.48
31766,200.0
3840,200.0
30132,179.0
40907,195.0
40529,197.0
19460,284.0
6824,126.76
39142,123.74157930713076
24420,195.0
13552,203.0
21160,134.29
28422,230.0
38279,130.54
22404,214.0
7908,187.0
36052,195.0
16235,123.0
3077,188.0
14894,209.0
7503,218.0
40116,238.0
6442,203.0
38451,198.0
25320,222.0
19444,190.0
12687,192.0
20816,232.0
35242,113.15
23339,192.0
5841,207.0
35450,209.326565468759
29357,200.0
11259,246.0
37953,218.0
17894,151.0
2532,200.0
37188,221.0
26992,230.0
19331,202.0
36250,218.0
33562,190.34
6888,213.0
1396,227.0
35563,197.0
11198,190.0
23,123.0
15079,216.0
18920,208.0
902,234.0
32767,189.0
940,118.98
22435,232.0
22639,218.0
35557,214.0
34923,216.0
39714,193.0
22822,203.0
23062,193.0
18012,203.0
1788,209.0
24510,203.0
31999,190.0
18694,234.0
5503,208.0
18699,306.0
1512,197.96
18654,181.0
22987,203.0
9712,169.66825829725838
31769,107.52
21402,197.0
26191,209.33474678171092
32081,195.0
26088,181.0
31981,223.0
16826,193.0
38373,114.82
21581,230.0
35558,203.0
2306,208.0
32024,200.0
18404,232.0
40536,189.0
308,193.0
33706,195.0
11912,208.0
13040,109.94
35317,197.0
14023,208.0
28416,209.4088271940478
14957,203.0
37072,218.0
19062,138.97
34030,209.0
2138,161.0
41197,284.0
26397,197.0
15215,200.0
15291,221.0
39392,232.0
6481,218.0
17915,208.0
13005,197.0
36916,224.0
41206,216.0
18737,193.0
41030,159.0
10917,210.0
3922,234.0
23314,198.0
34892,195.0
25016,217.25
18192,218.0
38886,284.0
29905,214.0
28405,198.0
2273,205.0
26689,200.0
38181,221.0
28359,159.01
29552,294.28
39691,187.0
29034,193.0
1704,240.0
9358,226.0
23642,153.52
2527,224.0
20873,232.0
33128,197.0
31786,209.0
14121,208.0
9724,197.0
24852,222.0
11118,197.0
13290,197.0
39487,284.0
24584,209.4088271940478
8091,208.0
16492,213.0
10111,211.0
37701,193.0
30514,216.0
33196,192.0
1113,379.0
28816,195.0
27727,198.0
13529,213.0
19777,200.0
8393,202.98
40459,213.0
32822,114.94727272727272
25542,216.0
1576,203.0
27248,211.0
17841,131.26
18560,135.0
6946,134.28
32062,203.0
38546,167.68
16281,209.3098594918583
11243,211.0
7779,238.0
37694,234.0
37647,209.0
35279,211.0
28503,230.0
18973,200.0
19135,203.0
25437,187.0
24305,164.0
14441,178.87
40404,200.0
9073,234.0
34720,238.0
28855,110.0
10217,222.0
23756,218.0
33817,269.0
37666,213.0
20364,230.0
16030,233.0
4563,127.1
36261,200.0
34367,212.94
34991,199.0
22741,187.0
2760,227.0
14682,197.0
35817,246.0
12536,120.0
23041,181.0
12027,209.0
40987,190.0
523,203.0
14794,230.0
20082,284.0
1165,230.0
14019,197.0
16852,226.0
13192,195.0
29534,200.0
9985,123.0
26607,234.0
26948,321.0
5853,211.0
9235,197.0
39760,216.0
1819,203.0
22474,109.17
21595,125.53
35861,211.0
12168,205.0
38427,214.0
30304,232.0
41230,197.0
23445,216.0
37803,169.81
37999,284.0
24520,200.0
9448,181.0
41238,240.0
20549,216.0
25328,284.0
37138,193.0
17292,208.0
13326,198.0
342,197.0
24287,216.0
16660,209.0
26358,197.0
5233,198.0
37972,200.0
31052,219.0
5874,209.0
8909,205.0
15013,129.49
36315,195.0
30123,207.0
37256,148.82299999999998
30905,203.0
18634,96.99
5563,209.0
1590,189.0
22833,201.0
21660,198.0
3085,224.0
29785,190.0
37905,117.02
36256,208.0
28125,218.0
34769,222.0
13933,213.0
27753,190.0
10873,203.0
15625,187.0
9801,153.22
11671,240.0
37959,203.0
37472,214.0
10007,198.0
12725,187.0
26142,197.0
5421,187.0
15670,168.0
3106,208.0
10050,232.0
30125,142.06
12358,195.0
39706,200.0
13039,209.34165831799103
35475,190.0
28030,195.0
2237,203.0
35390,232.0
26005,195.0
4850,203.0
32819,203.0
20286,203.0
26885,218.0
33533,211.98
2286,269.0
6334,227.0
14854,284.0
37463,193.0
21273,193.0
19592,221.0
31805,216.0
41130,218.0
32067,213.0
14474,195.0
13524,234.0
31545,216.0
36966,241.0
14812,128.04
15938,128.47
30078,190.0
8570,272.0
29678,214.0
35621,142.0
18558,156.37
34388,222.0
39931,216.0
23560,279.0
10098,234.0
21406,203.0
31468,154.39
6315,203.0
38560,193.0
16325,195.0
39778,197.0
40000,153.69
11904,174.69
10012,223.0
29820,197.0
22128,140.0
37287,246.0
7538,209.0
7745,230.0
14832,129.05
29635,216.0
4202,211.0
20520,226.0
36839,216.0
30942,230.0
1412,199.0
10747,198.0
11355,246.0
1644,209.0
2185,220.59
5401,209.0
37781,201.0
27931,153.97
40277,195.0
38241,216.0
38506,192.0
12101,197.0
1876,203.0
16900,128.82
16227,218.0
38986,98.05
37227,197.0
2891,205.0
5886,195.0
41000,213.0
24273,216.0
30606,211.0
3635,209.0
8194,209.0
4157,118.72
33335,234.0
25217,230.0
27824,197.02
27396,197.0
14131,114.89
24689,284.0
6215,219.0
17411,246.0
18415,241.0
9739,214.0
37617,209.0
34426,203.0
34022,227.0
39608,200.0
3737,246.0
24387,197.0
19855,222.0
29562,200.0
38489,203.0
9661,222.0
6813,209.0
31227,143.38
3113,214.0
28996,198.0
24758,181.0
14528,200.0
28319,113.57
38285,216.0
564,211.0
9606,190.0
24232,126.62
17345,198.0
8223,116.68
14018,198.0
39704,211.0
30952,189.0
9987,226.0
31925,195.0
10919,193.0
14084,211.0
5219,203.0
2525,98.02
40507,85.29
27312,190.0
7481,198.0
15296,209.3098594918583
17035,197.0
10178,115.81
18884,279.0
36716,203.0
34365,200.0
5989,269.0
30045,218.0
40295,210.0
5152,209.326565468759
5908,234.0
38867,284.0
36396,224.74
17781,214.0
18453,160.06
37821,209.0
37404,200.0
12558,211.0
38737,203.0
38221,215.0
26509,222.0
9048,203.0
11734,135.0
20335,187.0
8331,149.06
251,195.0
15503,190.0
20540,193.0
11511,211.0
26066,203.0
37763,218.0
8193,234.0
32633,279.0
25869,289.0
681,203.0
11281,227.0
16196,209.0
21965,181.0
3852,123.11
18810,269.0
40333,207.0
18808,221.0
30476,190.0
10876,210.0
28186,226.0
30513,227.0
3835,195.0
35976,232.0
23119,139.08
8274,187.0
7364,109.66
23990,218.0
34848,190.0
7070,215.0
41212,203.0
20717,109.76
18709,198.0
6660,209.0
37736,230.0
2229,193.0
14462,197.0
18869,221.0
9403,208.0
24737,216.0
33305,213.0
34929,199.0
27597,198.0
18498,153.41
33590,189.0
27101,114.92
35032,195.0
39289,202.0
26959,213.0
34734,218.0
24755,203.0
5923,218.0
18294,197.0
36083,209.0
8372,208.0
4903,218.0
25992,144.03
313,181.0
7600,192.0
19671,203.0
15849,216.0
38406,246.0
18092,208.0
13972,216.0
8960,128.0
4194,214.0
30442,131.0
18619,186.96
12776,203.0
12414,198.0
35520,226.0
38594,117.02
25486,203.0
17271,208.0
4400,208.05
3875,149.08427272727272
4650,124.0
18750,197.0
3939,211.0
35994,113.0
23141,203.0
26815,208.0
14115,197.0
3063,195.0
2115,213.0
9640,229.0
32646,193.0
33148,209.0
34334,214.0
16912,216.0
248,234.0
22509,211.0
37061,195.0
20987,219.0
31494,216.0
26543,213.0
10802,181.0
9392,118.75
5172,209.51884366030873
17005,118.98
28019,216.0
41204,203.0
35734,200.0
13561,209.47711288792902
28195,200.0
9132,211.0
30817,203.0
28040,209.0
10173,213.0
4550,128.31
593,222.0
7250,226.0
27348,197.0
38024,203.0
13983,203.0
20585,226.0
17104,192.0
23000,189.0
3946,192.0
40280,203.0
39286,163.0
13033,203.0
31529,167.99
25893,195.0
16577,289.0
9761,189.0
11976,203.0
11574,195.0
11264,224.0
29394,211.0
10765,197.0
35980,187.0
32475,203.0
37810,195.0
25197,208.0
28450,197.0
12642,222.0
14631,209.0
20248,197.0
83,240.0
979,222.0
27300,103.0
31154,216.0
34369,224.0
11546,218.0
19305,195.0
24477,197.0
2295,206.0
6224,203.0
4640,224.0
6112,209.0
11911,216.0
28232,227.0
13063,203.0
22461,190.0
23356,240.0
23677,234.0
21051,203.0
35501,284.0
5286,190.0
29822,208.0
16357,211.0
11189,214.0
12890,172.04
39044,119.64
35679,203.0
31175,192.0
40197,209.36412941388673
17018,218.0
17683,232.0
27548,226.0
7149,187.0
23571,195.0
7525,209.53013672438672
11815,230.0
3003,203.0
5211,197.0
25113,224.0
7836,216.0
11082,224.0
16811,197.0
3940,209.0
12515,232.0
38136,209.0
4851,108.1
5042,201.0
40564,227.0
15030,195.0
17466,221.0
12709,241.0
20627,193.0
12081,197.0
1684,214.0
19973,197.0
33953,108.98
6551,155.17
27995,203.0
330,230.0
18340,203.0
9331,224.0
16125,226.0
40807,129.0
19559,284.0
35406,195.0
5102,241.0
2692,208.0
31701,129.0
12299,200.0
9163,126.0
24381,260.49
22497,209.0
6542,209.0
16841,203.0
35705,214.0
15159,190.0
1800,203.0
36732,243.0
21410,195.0
25898,218.0
22392,208.0
28692,226.0
11749,197.0
31562,238.0
31322,198.63
12898,226.0
40378,284.0
14006,193.0
8337,203.0
13940,110.84
8278,181.0
738,145.0
709,214.0
19345,412.8
32100,211.0
21152,197.72
36490,195.0
341,246.0
6365,211.0
27235,209.3221911283161
26663,209.0
14940,195.0
31039,224.0
1594,379.0
15888,190.0
33208,197.0
25252,211.0
22552,139.0
29807,209.0
29610,203.0
25609,200.0
4351,195.0
31296,197.0
15956,198.0
9595,109.73
36544,214.0
10226,203.0
37531,232.0
38028,238.0
36499,230.0
32739,264.0
15951,140.9
37001,208.0
18117,208.0
16723,232.0
7780,209.0
24447,198.0
8517,218.0
28181,208.0
33151,209.3098594918583
23654,218.0
39616,190.0
12098,216.0
14983,193.0
6111,216.0
39763,149.0
3507,218.0
1549,238.0
18846,218.0
20516,232.0
32415,143.37
23026,209.3221911283161
1703,234.0
4068,214.0
2245,209.52
25260,213.0
10821,211.0
25815,175.88
36517,203.0
39404,197.0
11997,269.0
17624,223.0
5987,195.0
28063,216.0
37301,243.0
3566,203.0
39177,201.0
23379,213.0
41092,246.0
18955,182.77
33217,181.0
6100,197.0
3697,195.0
21768,222.0
25786,213.0
25472,224.0
35779,210.0
21202,190.0
2189,187.0
11288,213.0
36984,200.0
13451,190.0
16164,240.0
34385,230.0
14029,192.0
27627,234.0
20795,229.0
2916,200.0
9285,216.0
1888,140.0
19304,211.0
25937,209.34580952380952
31011,224.0
24719,209.0
26584,208.0
17766,209.0
648,193.0
36442,193.0
29066,187.0
37132,211.0
36737,190.0
12730,200.0
10089,195.0
10504,192.0
14664,151.0
37962,203.0
26908,132.2
30094,232.0
18527,203.0
2207,198.0
8713,192.0
5030,98.73
37519,218.0
19482,208.0
34987,200.0
39508,203.0
37993,123.0
26764,118.89
6686,203.0
38532,211.0
239,181.0
32841,224.0
39604,198.0
32731,230.0
16106,209.0
2342,211.0
3284,211.0
18207,193.0
22059,209.0
32987,218.0
36849,221.0
2294,208.0
25247,234.0
27257,197.0
2949,218.0
20204,190.0
31484,234.0
3693,156.18
12913,213.0
43,234.0
37818,190.0
21454,187.0
2672,150.0
12296,116.68
32118,226.0
15274,197.0
10941,113.88714285714286
7024,210.0
13098,190.0
312,211.0
25900,197.0
26612,175.02
28137,227.0
30621,190.0
30233,218.0
20562,175.02
16355,192.0
16307,195.0
38822,179.27
5907,133.55
39252,203.0
23921,109.0
28785,241.0
32318,234.0
28484,269.0
2571,195.0
38602,103.86
39038,98.92
34921,209.0
21620,203.0
19637,234.0
21318,112.84
4968,193.0
831,232.0
1850,222.0
23007,189.0
23219,211.0
27593,337.88
116,203.0
18457,209.3053931934078
31882,157.71
36957,193.0
399,146.61326190476194
39889,203.0
34482,222.0
27316,190.0
33841,211.0
13160,246.0
7438,203.0
13197,284.0
11474,200.0
12908,197.0
32046,216.0
34737,279.0
31531,223.0
24651,197.0
13639,193.0
11865,233.0
14945,101.95
16502,214.0
19603,221.0
17542,232.0
7568,189.0
3988,134.01
30008,203.0
2828,224.0
7379,224.0
32111,213.0
26573,196.36
6631,187.0
22636,197.0
2725,203.0
32365,226.0
17291,200.0
32765,175.46
30829,115.79
27047,200.0
23280,195.0
8615,189.0
28502,211.0
27064,227.0
24037,193.0
24051,209.0
12556,209.0
36840,235.0
26404,192.0
26198,234.0
3530,192.0
10936,197.0
15113,203.0
37328,211.0
21892,213.0
26344,138.98
23496,269.0
26694,219.6
35059,214.0
30018,224.0
2448,216.0
5954,218.0
15394,221.0
27426,209.0
36649,123.0
34599,211.0
13389,197.0
14757,224.0
26157,211.0
11105,203.0
30591,203.0
24448,209.5593112662205
20305,197.0
12988,193.0
2740,128.37
39082,154.84
3378,166.81
37836,211.0
32495,214.0
7064,246.0
21964,214.0
27357,190.0
35611,209.3221911283161
30193,123.55
38347,125.04
9769,216.0
33114,276.0
18881,203.0
24318,209.0
31893,154.45
29017,131.0
9464,213.0
26100,203.0
3309,190.0
16372,208.0
23838,197.0
23750,203.0
20964,240.0
29681,197.0
18491,187.0
37640,213.0
3245,258.0
34537,208.0
21190,216.0
35544,198.0
10263,218.0
8474,284.0
2213,240.0
22274,197.0
37395,213.0
959,209.0
618,147.405
21761,200.0
4308,226.0
39987,233.0
20882,203.0
10671,284.0
12283,190.0
32725,209.4088271940478
25877,147.56
27363,218.0
28118,214.0
30521,209.0
7414,198.0
25740,299.0
16969,190.0
39442,197.0
38613,311.0
18983,159.49
3337,218.0
2965,219.0
38599,198.0
4771,222.0
35360,224.0
33401,222.0
26717,198.0
5225,209.0
33497,214.0
25863,226.0
24267,127.0
39502,284.0
26496,230.0
21719,216.0
34768,200.0
40133,234.0
35528,209.0
20185,92.97
4519,186.0
16470,192.0
31125,211.0
32659,193.0
7306,209.33474678171092
8765,211.0
10580,197.0
20579,195.0
11107,221.0
12701,211.0
7557,193.0
30705,218.0
18661,206.0
6736,200.0
38715,218.0
39658,198.0
29406,190.0
29574,192.0
20888,203.0
36514,246.0
39808,181.0
9858,221.0
30608,201.0
6521,232.0
14344,284.0
36139,213.0
38791,209.0
20632,232.0
22888,210.0
11153,100.3
28658,195.0
32361,218.0
8022,209.0
33643,209.0
33514,200.0
37551,176.72
37796,218.0
36885,193.0
5471,197.0
13172,183.93
14000,209.0
14218,218.0
16256,218.0
24886,181.0
16966,195.0
32929,243.0
15427,193.0
12505,185.0
3288,197.0
21340,200.0
13282,187.0
24551,216.0
20825,141.14
37399,179.01
34944,227.0
18427,241.0
36054,208.0
14981,207.0
29507,215.0
30768,214.0
29253,198.0
14942,193.0
8042,198.0
793,209.0
24952,164.0
31295,175.0
27581,203.0
24545,209.0
25090,187.0
25680,192.0
702,193.0
36855,193.0
6972,190.0
26202,243.0
991,209.0
11768,206.0
12597,203.0
31602,195.0
23374,203.0
24011,193.0
34985,218.0
36531,203.0
6612,218.0
41228,198.0
1889,123.79
24635,193.0
34288,198.0
35701,183.98
11069,209.0
7294,232.0
5018,223.0
15984,103.95
38448,234.0
14200,135.9
37721,209.0
40394,209.0
32261,211.0
17731,130.43
28935,189.0
2442,203.0
2974,216.0
33759,208.0
21115,203.0
1337,208.0
34145,125.5
30291,216.0
21937,324.14
9793,213.0
34092,203.0
13642,209.0
11124,198.0
16156,91.87
4810,158.0
30507,118.77
5572,163.0
26276,211.0
6793,200.0
4021,134.1
13825,203.0
19736,187.0
8239,209.0
38549,193.0
1397,205.0
9282,154.16
40828,320.97
13260,203.0
37335,209.0
14958,200.0
16681,209.34165831799103
36210,232.0
39623,203.0
32485,109.1
4955,232.0
7325,138.0
6925,218.0
1826,209.33474678171092
39910,227.0
11594,209.34165831799103
41201,153.88
26274,179.0
779,211.0
7231,208.0
3704,208.0
26343,234.0
39003,99.14
21659,226.0
12887,187.0
10586,197.0
18876,128.99
19161,190.0
283,203.0
5343,195.0
6650,193.0
30178,216.0
15612,183.18
30100,192.0
19793,234.0
40153,187.0
10915,187.0
8889,194.0
34037,211.0
5010,209.0
5411,216.0
32718,197.0
7388,198.0
37594,211.0
23098,194.0
7427,150.79
8006,240.0
18251,190.0
17235,119.85
29874,208.0
23307,232.0
11641,189.0
28594,241.0
38530,136.02
31429,133.88
27686,219.0
27741,139.0
23794,209.0
26901,197.0
28573,202.0
24056,190.0
38575,222.0
32880,213.0
19723,224.0
13058,211.0
26720,149.06
34442,195.0
14165,208.0
11551,232.0
8403,214.11
8602,224.0
3761,203.0
20024,206.0
40316,216.0
6013,187.0
2363,193.0
12048,203.0
18267,131.0
38246,221.0
35683,203.0
8057,234.0
40803,213.0
24814,192.0
1348,209.0
14243,151.9
36028,214.0
18979,187.0
18194,193.0
41065,211.0
21862,203.0
35364,200.0
10240,208.0
16169,216.0
30848,193.0
8021,199.0
15922,218.0
7122,193.0
10930,211.0
7986,181.0
15280,189.0
38915,195.0
29999,209.29894667578722
4040,208.0
538,203.0
14916,190.0
7762,211.0
27720,197.0
26176,200.0
977,109.96
22815,193.0
15832,214.0
21131,224.0
9237,241.31
4346,203.0
32240,208.0
35241,232.0
10342,208.0
36438,129.11
37221,195.0
39527,203.0
31659,195.0
34909,203.0
20628,240.0
17538,216.0
39903,234.0
8317,189.0
26550,193.0
26036,221.0
12338,232.0
20809,219.0
19679,195.0
29525,180.0
7989,218.0
21750,117.93
31204,193.0
16316,203.0
21589,224.0
9389,210.0
38048,243.0
8932,211.0
29568,218.0
8618,198.0
1189,311.0
8897,198.0
11839,160.06
31579,216.0
927,162.04
39479,197.0
25895,222.0
32436,218.0
35347,213.0
28252,198.0
33101,195.0
30687,222.0
34480,209.0
16548,193.0
5757,208.0
14467,211.0
11206,203.0
14703,210.0
18837,140.0
30058,211.0
16902,198.0
10241,203.0
20731,198.0
11010,203.0
16728,218.0
9736,193.0
33484,209.34165831799103
31576,190.0
33632,148.94732142857143
38888,198.0
34562,288.0
1710,214.0
29584,216.0
32962,197.0
27481,165.03
5215,241.0
28443,209.0
7984,203.0
29614,209.0
20771,189.0
18216,213.0
11296,240.0
32799,190.0
34817,198.0
8147,180.0
25621,148.97
3834,195.0
19371,211.0
4528,198.0
5882,190.0
6401,224.0
40344,189.0
27725,208.0
29513,379.0
20124,218.0
9753,222.0
34290,215.0
13626,208.0
13827,214.0
29129,203.0
25011,203.0
34828,203.0
32039,224.0
24702,197.0
317,211.0
2255,214.0
9621,186.31
24294,209.0
23839,200.0
29370,208.0
24438,203.0
40411,218.0
19767,227.0
33264,216.0
37974,224.0
37520,197.0
33280,218.0
31698,190.0
4943,213.0
38804,189.0
24639,284.0
25873,200.0
33091,209.0
2867,203.0
34155,238.0
4416,161.95
26776,203.0
4193,209.0
17949,193.0
29229,138.27
25119,209.0
28373,213.0
7109,208.0
9997,219.0
7168,209.4912919025418
1696,139.01
16918,193.0
28815,224.0
26763,197.0
24984,226.0
29027,203.0
16871,126.87
32296,207.0
30524,203.0
25314,213.0
21539,145.11
30086,189.01
27321,206.0
27984,187.0
13316,193.0
16140,211.0
23780,222.0
33927,203.0
33748,195.0
23876,211.0
4890,230.0
33093,114.99
38206,226.0
6552,222.0
6524,187.0
5292,209.0
30579,203.0
28624,232.0
23628,128.48
2577,198.0
34590,214.0
18817,193.0
36997,216.0
1490,203.0
12348,232.0
918,195.0
7870,224.0
23605,240.0
29137,232.0
28882,218.0
12374,95.28
16750,131.0
13655,197.0
11597,232.0
32735,213.0
5715,226.0
23294,187.0
26307,190.0
19651,203.0
23210,213.0
34018,223.0
1661,214.0
20925,214.0
38168,213.0
27970,279.0
8510,243.0
30384,190.0
7327,197.0
5523,203.0
31392,120.09
27687,211.0
5697,209.0
11426,224.0
25346,139.91
22442,234.0
14470,214.0
14526,211.0
7544,203.0
24916,211.0
34216,208.0
32827,208.0
15356,195.0
19501,222.0
10320,203.0
5179,203.0
21680,209.0
8256,203.0
35204,211.0
21374,209.0
7861,227.0
31132,211.0
6390,193.0
25856,218.0
13532,195.0
32656,213.0
30938,189.0
37671,193.0
20477,222.0
10299,203.0
17052,209.0
24190,232.0
19815,197.0
9040,197.0
20730,200.0
40956,216.0
6132,249.04
37644,209.0
36790,202.0
36101,216.0
12065,208.0
20772,224.0
36826,198.0
31305,214.0
33403,230.0
25214,218.0
27442,108.48
34105,203.0
14603,187.0
38619,241.0
26269,154.84
14092,189.0
7462,200.0
29613,197.0
37563,197.0
10035,214.0
31687,208.0
25221,209.0
33027,190.0
25495,195.0
21490,203.0
578,232.0
4326,197.0
20575,135.73
19253,234.0
3831,193.0
13651,201.0
34434,209.0
33567,215.0
1092,203.0
15176,226.0
3799,209.0
10347,200.0
32997,241.0
5646,224.0
5085,216.0
29291,139.03
710,189.0
12783,218.0
7555,187.0
26752,160.0
1732,219.0
23285,209.0
9036,218.0
2756,209.0
14339,211.0
3789,240.0
25399,146.61326190476194
5326,210.0
9758,190.0
38142,209.0
34903,211.0
5946,197.0
10962,203.0
33426,222.0
34073,232.0
21688,193.0
25284,209.0
17244,216.0
4246,189.0
13836,198.0
29000,284.0
35016,234.0
10592,213.0
11942,214.0
35950,172.04
28280,211.0
33879,214.0
5226,216.0
21989,213.0
1588,223.0
39167,203.0
16166,216.0
22445,203.0
13506,133.99
23907,238.0
4410,203.0
25656,147.9
31514,205.0
19066,211.0
15725,200.0
1837,200.0
31994,187.0
3529,224.21
29343,201.0
12327,211.0
27797,168.3
21345,200.0
17847,187.0
12760,224.0
2437,209.0
39101,218.0
8904,192.0
25422,223.0
10245,209.26171391108883
6748,195.0
4148,203.0
20512,168.0
36795,143.02
36565,218.0
10065,190.0
6742,209.0
1434,181.53333333333336
32127,203.0
4404,238.0
40693,219.0
8140,210.0
27635,203.0
34419,238.0
14381,214.0
39973,198.0
34981,224.0
18444,211.0
13356,190.0
13376,190.0
7650,332.58
18026,226.0
31445,221.0
20071,214.0
32628,187.0
11478,197.0
5304,208.0
40083,232.0
19144,181.0
28320,218.0
29447,203.0
27150,138.06
15656,222.0
16171,195.0
39212,198.0
16155,198.0
17595,170.0
21355,238.0
36954,195.0
36799,218.0
29209,203.0
20020,195.0
23787,240.0
15211,203.0
25505,190.0
6271,241.0
24433,200.0
8561,208.0
20083,190.0
37486,214.0
34083,209.0
18432,197.0
19490,216.0
21861,208.0
36215,189.0
22166,209.34165831799103
37527,208.0
3226,197.0
38516,209.0
10840,203.0
19370,221.0
16079,144.84
14501,103.89
8528,197.0
14158,195.0
7602,190.0
36373,195.0
98,321.0
16758,218.0
19639,181.0
39894,207.0
19058,197.06
9579,190.0
14040,207.0
26996,197.0
30618,203.0
993,197.0
13834,234.0
326,203.0
22660,160.66833333333335
20198,226.0
4918,219.13
12073,213.1
16096,284.0
6809,213.0
17930,214.0
32337,226.0
14321,219.0
40819,230.0
17555,190.0
11900,187.0
12594,272.0
10587,197.0
21366,181.0
25210,120.0
40847,209.0
11097,232.0
29536,211.0
12989,198.0
28833,187.0
28825,227.0
28499,218.0
1411,195.0
35086,135.98
35143,190.0
35676,198.97
30146,218.0
28966,224.0
8354,206.0
39372,243.0
966,218.0
26377,213.0
3396,190.0
25539,209.40617825067096
1114,198.0
8677,181.0
19204,211.0
22878,224.0
33589,175.54
25483,224.0
39379,213.0
3031,192.0
37901,230.0
40580,200.0
32670,203.0
7915,209.4243133941222
17281,157.94
30636,133.56
25604,216.0
20090,203.0
40075,209.0
2857,171.29
35988,284.0
39406,262.0
28860,284.0
17926,211.0
22214,198.0
25527,216.0
7949,224.0
29024,219.0
23168,243.0
4393,284.0
31155,208.0
20088,211.0
26443,203.0
35053,90.02
3938,208.0
20983,224.0
7665,223.0
36805,197.0
3252,203.0
40067,284.0
14143,197.0
24663,211.0
1510,193.0
38092,234.0
34596,113.08
36350,203.0
22247,222.0
37741,118.18
18760,194.0
24564,225.0
10454,208.0
12560,221.0
31844,240.0
29453,226.0
8231,208.0
3525,147.0
7266,206.0
40621,200.0
32861,133.0
3732,208.0
38860,195.0
11872,195.0
6046,98.06
21848,230.0
38997,164.0
10243,284.0
9378,195.0
26912,203.0
22704,241.0
17987,250.6
6482,234.0
32774,234.0
12564,203.0
32730,165.03
2357,145.23133333333334
12508,211.0
22808,195.0
4339,200.0
12902,197.0
9010,197.0
3826,279.0
20386,181.0
37712,209.0
18959,232.0
416,209.0
24261,189.0
21338,197.0
2222,203.0
38276,181.0
898,192.0
23237,203.0
19221,224.0
7775,216.0
12480,210.0
21197,195.0
26241,132.03
22231,135.96
34862,218.0
23663,116.69
14182,219.0
34880,190.0
4045,211.0
39697,190.0
36232,197.0
5548,215.0
37401,218.0
24606,246.0
13415,187.0
30290,213.0
16284,200.0
13466,234.0
11404,179.0
40960,206.4
31168,203.0
17590,207.0
28199,210.0
15468,168.59
26457,200.0
20576,216.0
26023,208.0
14090,215.0
14303,190.0
35963,193.0
20348,197.0
27510,221.0
12471,212.94
22649,284.0
15894,221.0
13681,198.0
30130,209.0
32629,200.0
20978,218.0
21958,198.0
1723,241.0
26396,203.0
6186,203.0
33156,216.0
11821,143.97
23048,195.0
14416,181.0
8723,229.47
40976,209.29894667578722
20814,216.0
22256,240.0
28517,208.0
37042,193.0
38184,203.0
8499,163.0
37726,246.0
28496,203.0
3623,125.12
16695,233.0
11031,184.01
14524,203.0
10644,187.0
3482,197.0
15294,195.0
24867,203.0
39736,198.0
12981,221.0
36581,224.0
28751,187.0
5455,203.0
21641,284.0
3633,280.0
17202,168.0
33068,150.33
20006,203.0
26852,299.3
12782,221.0
7781,203.0
17712,203.0
20494,94.65
21840,284.0
2109,208.0
21237,153.93
3401,190.0
39171,197.0
40094,214.0
15214,197.0
17075,198.0
29695,218.0
3806,192.0
22282,203.0
8388,111.15427380952381
36230,284.0
4229,232.0
36948,200.0
37199,210.0
22238,203.0
8725,197.0
37704,234.0
8225,209.0
28765,216.0
4562,218.0
2683,218.0
18576,98.96
11756,238.0
18650,209.4912919025418
32197,197.0
12496,214.0
19104,131.43
69,209.0
36556,175.88
32269,216.0
8288,195.0
15433,216.0
24859,198.0
15241,190.0
26242,224.0
11778,203.0
28509,115.58
13008,224.08
5511,213.0
1498,168.49
5536,203.0
31584,200.0
6246,126.0
242,197.0
3455,199.0
8394,134.0
15644,181.0
10477,200.0
39399,210.0
37103,203.0
33097,178.16
22060,240.0
19353,279.0
30749,218.0
23534,379.0
3263,190.0
32025,190.0
8049,216.0
16497,197.0
9682,209.0
11339,166.0
17887,197.0
27263,208.0
21921,192.14
32005,197.0
21960,151.0
873,109.22
11270,197.0
34467,200.0
28079,216.0
3578,238.0
19293,213.0
16662,82.76
30566,203.0
20722,181.0
21418,172.09
12138,203.0
4756,213.0
35853,203.0
34404,197.0
8082,190.0
20770,227.0
6887,213.0
14641,161.01
26561,209.0
3950,195.0
34132,203.0
14173,214.0
3790,209.0
29843,189.0
23288,190.0
2275,203.0
1882,203.0
31139,214.0
25326,197.0
20260,138.9
34472,205.0
6036,208.0
3286,214.0
28147,221.0
35214,193.0
15363,222.0
33303,218.0
35785,193.0
21426,216.0
21640,214.0
33281,234.0
7932,193.0
13842,175.95
34377,209.89
39299,208.0
10861,195.0
22181,150.0
36391,209.0
31777,181.0
1707,190.0
1771,222.0
25124,207.0
14443,106.0
18541,203.0
29020,203.0
10264,195.0
18239,284.0
2383,197.0
38680,138.57
39612,192.0
32326,203.0
36372,219.0
2266,195.0
12272,221.0
6427,142.0
39047,218.0
16064,208.0
3776,219.0
6048,197.0
32951,193.0
1350,208.0
35864,108.8
11751,213.0
19016,209.0
32398,279.0
2874,181.0
20412,193.0
33888,197.0
30466,224.0
3474,215.0
2312,284.0
9129,209.0
19189,203.0
11783,240.0
21391,210.0
27411,190.0
24247,187.0
8957,153.35
22046,201.0
24657,197.0
33462,194.05
32642,207.0
649,229.0
22271,216.0
23073,209.0
7315,240.0
14348,203.0
37295,198.0
34869,379.0
3589,214.0
10850,213.0
35005,232.0
30241,200.0
32618,197.0
35484,218.0
26599,203.0
27517,284.0
29002,227.0
34199,197.0
22451,222.0
21104,195.0
32543,213.0
26392,128.88
186,208.0
41044,126.88
32947,194.0
26059,203.0
38235,209.0
10545,118.84
9354,172.01
26787,200.0
33188,208.0
764,226.0
10436,190.0
3847,208.0
19498,284.0
27232,246.0
33890,256.14
12790,224.0
40460,214.0
31302,214.0
31253,190.0
40445,190.0
37759,208.0
7729,176.23
24512,200.0
39193,200.0
647,137.01
26634,203.0
6926,208.0
733,187.0
29589,232.0
25193,223.0
14493,189.0
20482,226.0
33538,155.23
41035,232.0
26283,203.0
39368,203.0
7062,197.0
33830,226.0
4082,210.0
9051,187.0
165,197.0
30803,211.0
2705,125.62
28653,270.1
12617,198.0
25953,222.0
23330,203.0
22809,208.0
21437,203.0
31434,193.0
36166,208.0
35382,197.0
21668,223.0
14406,284.0
19372,224.0
34247,203.0
8153,197.0
23995,197.0
19687,234.0
38912,210.0
20188,113.255
23059,193.0
3893,211.0
6802,189.0
20912,187.0
3594,230.0
4730,137.6
19893,214.0
25760,224.0
20856,181.0
9254,181.0
5836,240.0
4445,223.0
6328,210.0
28065,206.96
24970,197.0
10063,193.0
18113,224.0
3184,311.18
27993,211.0
5218,213.0
11843,214.0
9976,193.0
25196,209.0
34592,208.0
36524,190.0
12774,222.0
28085,240.0
14792,198.0
3803,279.0
21597,208.0
14944,216.0
16178,195.0
15917,209.0
36553,203.0
1347,181.0
27325,145.96
13236,199.0
29329,198.0
31330,203.0
34989,251.97
21890,195.0
4207,125.67
6465,209.0
22567,190.0
22720,232.0
20945,205.0
20603,192.0
39935,213.0
15497,128.13
21716,197.0
31612,209.26171391108883
38946,118.0
14737,195.0
8934,224.0
15420,209.0
33822,95.04
37356,197.0
17414,195.0
18532,240.0
1632,187.0
18080,246.0
20919,195.0
16387,203.0
16534,193.0
15143,195.0
40696,208.0
16443,209.0
28788,216.0
34679,201.0
13253,232.0
38990,203.0
34644,198.0
41143,219.0
27489,181.0
30173,211.0
7844,207.0
13847,200.0
2602,209.0
40050,234.0
3753,211.0
27732,209.0
23688,211.0
22866,198.0
22844,241.0
3067,193.0
7132,221.0
7298,210.0
36995,193.0
39076,195.0
15555,159.0
14946,193.0
29258,206.62
25802,224.0
9722,226.0
6346,224.0
25925,127.0
9568,182.85
18954,203.0
18183,211.0
13363,222.0
1183,129.0
23680,224.0
7002,195.0
40689,284.0
17484,203.0
628,226.0
38793,284.0
16398,197.0
2007,240.0
20524,209.4912919025418
39262,197.0
20548,190.0
14851,238.0
18577,195.0
4471,187.0
34113,224.0
376,157.65
32448,543.0
36887,209.0
10210,148.64
19593,184.315
23601,195.0
9211,208.0
29700,234.0
26633,207.0
21983,190.0
22607,209.0
13754,198.0
39157,214.0
17965,203.0
36227,199.0
1298,222.0
37670,123.16
32215,200.0
11020,229.0
6757,209.0
28802,211.0
37936,232.0
7616,197.0
2126,197.0
32537,213.0
14699,211.0
12140,159.5
34107,203.0
16298,214.0
35454,118.32
15083,260.0
15742,218.0
14307,209.0
26575,201.0
16233,213.0
34900,193.0
32548,203.0
34752,193.0
5869,214.0
31849,197.0
27014,193.0
36694,216.0
40933,116.9
31121,198.0
12745,227.0
14623,203.0
15992,189.0
20790,209.0
32244,197.0
23611,193.0
19993,193.0
4602,203.0
19845,197.0
33552,209.0
4737,190.0
30397,192.0
418,99.45
15392,192.0
21171,279.0
26335,203.0
18204,195.0
14222,209.0
34770,198.0
1260,216.0
14552,234.0
40096,246.0
19248,284.0
2564,197.0
34436,209.0
3021,218.0
13916,197.0
7576,223.0
1383,224.0
22406,230.0
39359,190.0
18863,190.0
24432,205.0
8969,187.0
4269,203.0
29021,214.0
17547,189.0
2518,198.0
29957,136.46
31928,211.0
13424,123.01
5762,195.0
28284,238.0
23037,208.0
7613,216.0
18746,190.0
6514,209.0
39750,210.0
16752,198.0
23986,203.0
7229,234.0
37581,209.52691703433308
21315,203.0
41049,209.51884366030873
32621,193.0
34938,197.0
1991,211.0
35723,190.0
38081,208.0
26228,190.0
942,193.0
4212,203.0
31321,234.0
17217,197.0
18739,202.0
16580,192.0
16036,213.0
16010,190.0
22492,207.0
24633,203.0
40713,279.0
18828,223.0
34571,224.0
29891,190.0
23444,215.0
29292,148.0259047619048
16466,164.91
40616,209.0
40458,181.0
16790,181.0
3842,123.01
27665,143.97
4372,218.0
20170,197.0
32960,146.0
33803,209.0
34032,234.0
6904,203.0
14839,200.0
39382,203.0
10311,209.0
15556,208.0
13694,203.0
38444,100.3
626,234.0
24316,211.0
33360,209.0
31499,159.94
14417,230.0
33869,221.0
27717,214.0
16613,197.0
23842,190.0
26781,230.0
16095,197.0
36018,223.91
14183,208.0
3100,190.0
9591,232.0
14032,216.0
1959,193.0
23658,203.0
32390,193.0
30549,216.0
31561,218.0
32763,98.87
40825,234.0
22795,216.0
26311,229.0
17243,184.01
23975,107.13
22362,218.0
40840,197.0
17319,216.0
27545,179.9
41222,203.0
8721,197.0
23167,232.0
30412,173.7
18479,190.0
21129,211.0
14734,193.0
952,203.0
3002,203.0
8188,187.0
14881,218.0
9902,199.0
12708,128.25
5386,210.0
22023,217.94
23390,279.0
27419,161.01
6670,126.66
28387,148.62
25157,209.0
33118,214.0
38358,200.0
8845,195.0
26271,203.0
21337,209.0
11220,216.0
2166,209.0
34,128.96
4523,238.0
5388,327.35
19448,240.0
3758,215.0
38724,131.0
20394,95.72
9186,219.0
12223,232.0
1863,209.41941414951606
30073,208.0
6235,172.04
4169,205.0
9654,216.0
27919,218.0
37576,203.0
35771,198.0
17120,190.0
36730,203.0
40993,213.0
9806,213.0
2592,208.0
33326,241.0
29597,187.0
3833,181.58
24595,190.0
18345,120.0
18903,198.0
33292,209.0
32456,190.0
20062,234.0
10890,195.0
37351,209.0
38318,209.0
38466,203.0
3735,214.0
38222,190.0
9766,160.44
15308,213.0
31203,190.0
378,195.0
14360,187.0
10397,234.0
8383,183.93
17984,197.0
4844,234.0
9527,279.0
1793,209.41941414951606
11941,212.08
2165,190.0
36920,190.0
9861,542.94
9929,181.0
36196,192.0
19046,213.0
34241,189.0
10289,226.19
1761,203.0
6426,216.0
37282,235.0
6620,203.0
13125,224.0
10045,192.0
31700,119.15
38900,211.0
37633,200.0
11897,195.0
35722,238.0
37135,211.0
27904,197.0
23213,208.0
8565,203.0
40815,198.0
15564,208.0
9728,227.0
5991,203.0
25423,284.0
39309,224.0
20819,127.29
27095,151.09
24727,198.0
200,137.98
39682,198.0
13097,221.0
36706,135.9
14117,203.0
23342,189.0
27582,213.0
3043,120.04
32357,94.8
20355,193.0
31593,218.0
35623,279.0
16451,103.89
10877,218.0
28968,202.0
29792,209.0
29210,125.96
4405,214.0
780,209.0
6181,208.0
21368,197.0
20155,203.0
34692,234.0
26194,200.0
11790,284.0
27705,222.0
22737,209.3053931934078
32106,154.95
40999,213.0
17136,203.0
17026,227.0
31690,203.0
1856,203.0
30069,218.75
35105,224.0
25094,195.0
27158,211.0
17817,193.0
2588,213.0
14058,242.0
20636,198.0
23965,187.0
37264,197.0
19006,193.0
18686,224.0
369,120.35
9205,146.59366666666668
29531,224.0
29743,200.0
27188,211.0
21079,216.0
11863,148.91
21588,190.0
9349,214.0
40102,141.0
6870,192.0
20330,209.36412941388673
19334,125.0
31242,284.0
27623,269.0
35899,224.0
27416,203.0
6399,208.0
13480,203.0
14168,194.0
5165,208.0
37428,218.0
33504,203.0
14077,227.0
40495,232.0
9057,211.0
34383,224.0
30118,227.0
4845,200.0
5595,120.0
21194,223.0
11634,272.0
11014,203.0
15738,179.77
38658,218.0
7809,284.0
1061,198.0
31630,240.0
5384,200.0
8919,216.0
14050,164.74
26923,208.0
36558,224.0
7217,208.0
13956,201.0
31695,202.47
16293,229.0
31495,98.09
36382,201.0
15789,138.74
31638,218.0
697,223.0
13517,189.0
19847,253.95
4235,218.0
13396,209.0
15650,233.0
33021,211.0
32090,223.0
745,118.98
1288,211.25
517,234.0
21717,215.0
26674,202.0
23432,209.0
22618,218.0
3128,276.0
32239,234.0
2896,216.0
34433,200.0
10632,181.0
6056,193.0
13968,203.0
20572,119.8
4341,241.0
14361,181.3
34671,272.0
34151,211.0
5742,226.0
15824,209.0
11451,216.0
30536,209.0
1086,213.0
12619,203.0
21780,223.0
31356,218.0
24497,208.0
3298,195.0
26927,222.0
7815,203.0
40594,200.0
38339,288.23
24985,187.0
12522,122.0
1717,193.0
3916,197.0
11807,134.0
33508,141.0
29895,203.0
18487,197.0
28766,200.0
12110,198.0
24292,131.0
17571,211.0
21714,109.97
24691,152.0
34408,193.0
10329,193.0
38748,190.0
1448,222.0
26261,221.0
24412,197.0
35566,203.0
19113,134.24
4342,148.0
10017,197.62
14320,144.9
25837,234.0
6835,115.55
27227,176.09
9194,232.0
13330,216.0
6492,203.0
38542,140.0
4219,193.0
27036,213.0
10127,284.0
7475,187.0
11677,284.0
28448,208.0
25723,230.0
6062,200.0
2658,209.0
36585,200.0
31397,200.0
27522,187.0
34086,209.34165831799103
3707,234.0
37969,218.0
32273,211.0
14830,164.0
33605,215.0
21417,181.0
35826,221.0
24781,99.23
2894,109.35
9183,218.0
38453,211.0
20835,226.0
35462,203.0
29893,203.0
6204,192.0
14928,211.0
7680,195.0
26188,197.0
8124,169.65
26243,211.0
6528,214.0
28487,197.0
36316,129.0
24776,234.0
19442,231.94
10430,200.0
39866,203.0
9986,198.0
14740,232.0
29929,193.0
1204,195.0
6379,232.0
36283,209.0
10036,216.0
29190,232.0
21090,193.0
4322,197.0
3820,234.0
3614,94.62
33087,246.0
15666,213.0
36699,218.0
25290,203.0
20894,200.0
21938,213.0
35225,210.0
9370,136.74
17204,207.0
21198,200.0
18085,209.3221911283161
37717,187.0
11935,133.0
26093,189.0
23805,209.0
34274,226.0
8501,200.0
20190,193.0
25158,203.0
11921,214.0
29170,209.41941414951606
35403,197.0
35385,187.0
3660,128.17
33518,203.0
6225,197.0
18407,214.0
26493,144.14
5916,211.0
30148,264.0
13047,190.0
5490,216.0
18525,181.0
24607,222.0
24738,101.4
6994,145.0
19640,210.0
24953,175.0
27205,193.0
7646,211.0
1496,195.0
25440,197.0
37468,211.0
31374,198.0
22079,249.0
22983,198.0
20428,184.0
17082,203.0
22590,203.0
14363,203.0
39951,144.15
12079,164.0
32401,158.93
39500,193.0
27719,213.0
12389,195.0
38548,200.0
36734,216.0
13756,198.0
12160,119.96
24806,207.0
39645,195.0
1248,209.0
17609,209.0
27973,181.0
32362,208.0
18912,197.0
8925,76.51
20479,203.0
19857,198.0
26585,222.0
24706,216.0
10827,193.0
36475,200.0
20227,219.0
33971,188.0
8824,223.0
9925,208.0
11178,209.0
5371,213.0
7706,221.0
10323,208.0
6388,232.0
35648,193.0
26043,221.0
14054,284.0
31661,241.0
9441,198.0
36069,233.0
7948,216.0
20629,140.0
22713,197.0
35790,209.26171391108883
12618,209.0
28667,208.0
38063,194.0
7981,209.0
32881,203.0
279,234.0
26587,198.0
36426,227.0
15315,142.66
21239,152.68
10869,230.0
30800,214.0
13926,187.0
36361,216.0
9845,209.0
20109,198.0
2305,209.0
22952,223.0
2350,203.0
29211,272.0
3155,210.0
16602,234.0
34774,209.51884366030873
41167,246.0
7901,192.0
25660,224.0
8668,214.0
24117,195.0
12304,197.0
31163,103.49366666666668
9273,195.0
31288,211.0
24238,232.0
8085,221.0
38963,200.0
13462,199.0
23113,209.29894667578722
30127,197.0
9097,187.0
30732,197.0
15897,208.0
17428,159.21
22898,193.0
39930,209.28
17364,216.0
29876,209.5593112662205
38713,203.0
3068,232.0
20038,208.0
17471,187.0
5780,211.0
18434,189.0
1758,209.0
11237,209.3065591630592
26362,214.0
2754,190.0
20134,175.05
36441,224.89
12591,209.0
12829,208.0
10520,211.0
14076,208.0
33185,214.0
19842,203.0
31293,224.0
5821,189.0
28407,190.0
7303,232.0
13815,232.0
3703,197.0
8552,216.0
18090,215.0
37985,213.0
20989,218.0
35166,203.0
1575,216.0
21752,203.0
25137,234.0
25778,208.0
13501,216.0
36780,211.0
17031,121.79
6865,203.0
21481,201.0
17581,213.0
16397,187.0
37182,197.0
34570,203.0
31817,193.0
8659,138.17
40184,232.0
26418,203.0
27111,269.0
3585,211.0
32310,187.0
1227,190.0
40651,221.0
37705,209.0
38840,216.0
20879,190.0
31234,195.0
23224,195.0
18451,190.0
24645,214.0
25561,203.0
2960,110.6
37014,187.0
5657,203.0
22569,209.0
22194,216.0
12066,214.0
26042,205.0
10474,213.0
37406,227.0
3914,129.94
19042,210.0
36929,213.0
17775,189.0
24558,198.0
28857,104.03
1181,234.0
6863,123.02
37128,209.3661652652903
4428,200.0
1433,209.0
40533,272.0
37416,218.0
22986,209.0
29731,195.0
15672,158.78
40972,203.0
4292,213.0
31809,212.66
37674,209.0
38087,198.0
12915,135.9
28116,197.0
2879,127.93
17237,200.0
9803,269.0
11917,221.0
5940,189.0
21439,208.0
39080,210.0
14890,200.0
26438,194.0
34470,193.0
13128,193.0
1904,221.0
38993,189.0
1197,230.0
758,140.0
24279,203.0
12233,193.0
12277,221.0
5579,211.0
29593,214.0
22848,118.05
15652,203.0
12431,159.0
12301,164.98
4699,208.0
39829,213.0
9548,170.0
21783,118.94
36314,115.68
38687,227.0
5356,181.0
28680,195.0
18197,105.0
25847,200.0
8471,203.0
16501,109.92
31185,190.0
8178,284.0
14791,213.0
36145,189.0
1182,216.0
3197,197.0
17455,216.0
9747,238.0
21287,197.0
23153,208.0
3189,209.0
29359,184.0
1500,187.0
2142,284.0
39209,211.0
21382,221.0
7003,144.34
19655,168.0
35003,195.0
16460,203.0
3850,207.0
38265,203.0
2847,232.0
1147,214.0
28793,110.84
36539,86.84
18286,184.0
13420,209.0
23701,214.0
32354,141.0
13611,141.61
15404,194.0
36913,218.0
6889,222.0
22070,213.0
33603,163.005
19052,197.0
30578,218.0
13911,214.0
12616,155.93
8247,216.0
41198,213.0
18234,230.0
22348,284.0
7831,218.0
27390,209.0
1741,197.0
39638,129.0
36521,190.0
15962,193.0
33507,128.98
6911,203.0
13533,208.0
13405,218.0
32815,181.0
6936,279.0
32104,234.0
40336,193.0
27817,222.0
22307,113.91
2854,203.0
31072,200.0
18622,230.0
20148,215.0
16463,198.0
12639,193.0
28976,153.0
37229,185.09
4921,151.92
14658,122.5
14539,189.0
14579,198.0
29368,149.98
29784,192.0
29688,203.0
8357,142.0
34934,195.0
3451,209.0
26516,110.05
18507,194.0
30870,203.0
9478,269.0
19652,213.0
31166,218.0
35895,234.0
22909,197.0
20314,197.0
34931,195.0
17418,219.0
4253,114.63
2053,162.27166666666665
20232,214.0
33102,181.0
40027,190.0
20784,179.0
14154,227.0
3592,208.0
22417,124.0
38854,211.0
34432,195.0
40966,211.0
2617,238.0
9206,197.0
11104,187.0
15912,218.0
16887,197.0
10904,126.65
9317,195.0
33109,181.0
16144,203.0
39806,208.0
22026,234.0
22619,241.0
9313,232.0
12085,208.0
9060,211.0
32619,241.0
37457,183.465
38615,195.0
34893,195.0
40015,226.0
33970,234.0
39132,149.08
40016,209.0
17028,197.0
32434,221.0
35671,209.0
21272,129.0
6527,195.0
25449,203.0
30839,230.0
11028,208.0
20467,104.0
32469,209.0
23156,213.0
23077,197.0
9562,211.0
5078,218.0
6262,131.0
41108,203.0
16250,169.83
2071,216.0
6197,208.0
27558,211.0
21013,195.0
18114,208.0
3296,216.0
22281,221.0
3202,208.0
2034,284.0
7640,197.0
30983,222.0
264,232.0
10163,213.0
35078,197.0
19024,181.0
8492,207.0
28219,187.0
7497,203.0
17723,211.0
33054,197.0
11313,200.0
3481,209.0
39094,211.0
6585,221.0
29869,200.0
40374,191.48
18796,213.0
38130,216.0
30260,208.0
30939,209.0
6354,213.0
17126,208.0
16604,190.0
4641,197.0
6244,197.0
30670,140.0
20415,187.0
21643,152.49
28688,93.88
850,209.0
38351,211.0
24098,218.0
36374,219.0
39926,118.54
23615,197.0
36456,190.0
1719,203.0
36356,241.0
11636,203.0
3053,208.0
16437,193.0
16721,195.0
31269,193.0
6860,208.0
12623,198.0
28548,122.0
9841,190.0
1097,148.04
7119,211.0
9687,203.0
31194,203.0
32734,218.0
32587,197.0
4805,232.0
4900,220.58
17162,203.0
18609,213.0
7117,195.0
6216,284.0
15331,213.0
8013,218.0
15273,209.26572417461983
23159,284.0
39403,208.0
34920,208.0
8923,226.0
14223,284.0
22049,200.0
32257,178.04
10542,195.0
15345,203.0
37540,203.0
37262,232.0
20649,123.01
11331,192.0
27012,213.0
39529,279.0
37081,187.0
27100,198.0
33766,137.15
15834,209.33474678171092
6053,195.0
19166,197.0
8976,211.0
6746,213.0
30352,284.0
23399,216.0
196,211.0
29282,232.0
14573,203.0
26159,187.0
23656,195.0
5264,203.0
38441,209.0
30295,197.0
4335,207.0
8305,190.0
9561,218.0
15610,213.0
8426,208.0
23514,193.0
19114,209.0
4707,208.0
23969,221.0
25166,218.0
8170,142.0
33439,195.0
31360,192.0
39461,240.0
13477,208.0
17962,209.0
26830,311.18
10026,209.0
8908,163.72
4634,198.0
12584,189.0
35658,284.0
12050,197.0
37318,203.0
6879,136.91
37868,189.0
32199,232.0
26078,171.45933333333335
26480,268.92
11963,197.0
4592,234.0
37791,195.0
14930,209.0
9619,208.0
9666,154.22
17702,222.0
10921,197.0
14283,216.0
27154,132.0
40228,203.0
10874,198.0
23103,232.0
34890,213.0
20631,195.0
31388,203.0
21193,187.0
6149,192.0
24888,148.72
19770,195.0
40762,232.0
22532,118.99
5746,195.0
8201,187.0
28894,197.0
24348,224.0
6596,218.0
29325,134.01
36538,192.0
24222,199.04
14522,195.0
18627,203.0
11126,203.0
12143,234.0
38083,154.95
35665,214.0
35028,232.0
9731,209.0
6272,195.0
39189,214.0
26961,211.0
25718,203.0
18210,143.97
11910,221.0
14473,134.99
19587,203.0
960,189.87
26525,209.0
29982,214.0
6000,195.0
181,203.0
22367,192.0
25795,284.0
27276,103.86
4028,214.0
3645,240.0
13328,105.77666666666666
19606,200.0
13321,224.0
34526,203.0
5890,209.0
22946,209.0
32460,218.0
8786,190.0
9538,122.0
37215,243.0
23773,234.0
32967,200.0
13995,209.0
5975,229.0
15949,328.03
12440,176.72
5140,224.0
27265,203.0
14403,123.58
28608,209.0
26967,211.0
17487,187.0
37611,214.0
11642,128.98
32925,139.0
32998,214.0
32795,195.0
28729,192.0
10480,272.0
19383,192.0
18879,232.0
27375,269.0
19214,197.0
8891,218.0
4480,179.0
37352,187.0
32611,192.0
25794,152.0
32173,224.0
15045,197.0
9633,203.0
37871,211.0
25994,216.0
6814,214.0
1377,240.0
36312,284.0
5298,219.0
40442,241.0
6725,109.65
15559,120.02
29767,198.0
26922,194.0
24314,211.0
4420,200.0
33582,200.0
36158,226.0
33527,98.56
15421,221.0
12613,214.0
19711,222.0
11550,230.0
15415,223.0
32605,159.92
134,198.0
21613,197.0
18780,203.0
16922,137.35
13153,234.0
22456,202.0
4227,229.0
23329,120.0
22338,198.0
3406,216.0
7323,175.0
18723,203.0
5557,200.0
27006,221.0
21365,192.0
10324,187.0
34954,139.14
6597,161.27
3211,211.0
4057,246.0
23169,232.0
22773,198.0
21212,145.0
28105,224.0
9520,198.0
35627,211.0
18106,178.89
9288,190.0
3165,218.0
27474,215.0
19321,133.15
25129,238.0
31325,213.0
39827,126.0
10801,193.0
8961,122.0
21812,208.0
26340,203.0
12472,115.0
34372,209.0
3923,214.0
35530,118.26
30648,134.98
13863,208.0
12958,210.0
3905,197.0
5824,195.0
32144,203.0
28389,202.0
19550,272.0
31342,197.0
32901,209.0
32014,208.0
10016,238.0
11873,209.0
23162,123.01
35297,190.0
29442,203.0
20073,223.0
28209,193.0
18005,222.0
32904,119.7
24560,213.0
13549,219.0
23920,147.3
26894,127.25
38809,221.0
23359,184.49
2848,216.0
19424,214.0
38703,197.0
2799,203.0
29415,214.0
10500,208.0
12376,209.0
39933,205.0
29310,240.0
8899,195.0
40134,127.0
4396,213.0
37076,224.0
10882,230.0
4538,112.03
21218,223.0
26978,209.0
39109,218.0
17008,192.52
34853,197.0
2955,209.0
12016,233.0
40330,272.0
25951,203.0
40401,232.0
30909,114.04
28170,279.0
6978,224.0
1390,230.0
1039,193.0
21789,208.0
13817,284.0
7419,146.12
20554,200.0
16330,197.0
36471,144.08
1896,214.0
18902,270.0
32486,224.0
22790,203.0
12586,215.0
27910,216.0
17121,216.0
13641,240.0
18924,209.0
19513,203.0
35132,209.4912919025418
1318,226.0
23217,193.0
8171,234.0
26068,232.0
18716,195.0
2676,190.0
3945,198.0
5068,169.93
19432,209.4912919025418
39896,181.0
10054,200.0
19519,193.0
17324,181.0
32569,193.0
24231,239.57
11242,219.0
3541,195.0
17498,218.0
14777,221.0
24572,221.0
4469,203.0
7721,197.0
32946,353.75
36402,211.0
8975,232.0
37201,214.0
25813,211.0
13259,203.0
28629,198.0
19273,205.0
28781,232.0
13962,193.0
29959,197.0
35439,241.0
28645,246.0
24955,189.0
7581,135.0
3839,189.0
20915,203.0
7911,214.0
14871,208.0
2310,224.0
21771,203.0
17442,218.0
29879,203.0
21758,284.0
30224,187.0
3673,211.0
21187,192.0
2457,197.0
30716,218.0
24097,224.0
36325,197.0
10013,190.0
39591,187.0
15769,216.0
33633,195.0
24759,158.0
5879,216.0
8421,197.0
20240,223.72
12005,230.0
8993,198.0
12622,213.0
22011,209.0
27779,193.0
15181,222.0
7905,214.0
13931,203.0
623,284.0
28106,209.0
25417,109.01
26203,190.0
25862,195.0
5732,179.08416666666668
13922,206.0
40989,227.0
25061,154.22
11567,208.0
14869,142.02
35831,234.0
37376,195.0
10423,195.0
30789,205.0
6604,209.0
18310,129.0
15476,213.0
14315,197.0
1296,203.0
15509,190.0
28210,218.0
28122,209.0
23256,218.0
22265,203.0
26057,123.24
25402,243.0
34509,218.0
586,224.0
34658,234.0
25335,193.0
39467,230.0
4667,195.0
22013,213.0
1026,213.0
2578,193.0
14555,218.0
2987,203.0
31569,224.0
19766,203.0
40835,226.0
30451,218.0
12883,198.0
4879,195.0
8596,187.0
33814,134.68
14874,203.0
6018,215.0
19906,203.0
37518,200.0
6253,197.0
33574,179.11
5740,218.0
25648,272.0
3025,148.99
12650,240.0
4058,208.0
38938,208.0
22594,197.0
6536,146.94
2091,197.0
13728,123.72
31466,208.0
22077,234.0
38143,218.0
10612,203.0
5336,197.0
32277,195.0
23491,213.0
38570,200.0
41182,203.0
37419,243.0
9647,193.0
31184,197.0
19530,216.0
26456,198.0
41176,214.0
23768,232.0
11958,203.0
31782,207.0
24930,119.78
25084,211.0
7998,213.0
30322,222.0
40610,184.7133333333333
21344,209.0
28723,200.0
18843,187.0
9473,234.0
8241,203.0
39547,197.0
7821,215.0
40093,181.0
11081,193.0
23623,134.48
9169,190.0
7515,224.0
21082,224.0
26748,214.0
2943,269.0
2548,144.47
4679,203.0
39605,203.0
21728,224.0
6666,218.0
9618,190.0
31412,208.0
36718,195.0
8047,187.0
33588,203.0
9062,218.0
39921,135.0
15336,284.0
28913,190.0
18422,211.0
19898,224.96
10622,203.0
5394,239.35
36890,190.0
19313,259.0
20050,195.0
33317,193.0
1564,110.84
24939,279.0
9087,272.0
37566,209.0
12968,195.0
16739,133.67
30512,203.0
32724,234.0
10452,193.0
7918,213.0
15999,195.0
3734,209.26572417461983
32575,208.0
8931,205.0
35290,134.0
39501,197.0
18278,187.0
37699,195.0
35624,146.99
12599,209.0
30553,193.0
35916,222.0
40045,218.0
14206,198.99
25796,218.0
14920,234.0
5694,209.0
30893,203.0
14750,214.0
7268,198.0
30969,202.0
38381,192.0
35280,190.0
12093,213.0
38185,234.0
2001,214.0
35351,242.0
34619,129.46
24349,328.91
22518,164.0
7753,203.0
28431,396.94
37840,218.0
25736,193.0
4981,234.0
18986,211.0
20251,232.0
2900,214.0
33414,156.38
22832,246.0
27933,214.0
33530,224.0
27554,222.0
31172,223.0
13732,200.0
37124,190.0
4430,198.0
40306,213.0
37469,214.0
1387,197.0
16286,232.0
32225,224.0
13943,127.0
13625,216.0
37296,208.0
344,198.0
32540,189.0
6778,221.0
2254,203.0
39672,193.0
7285,249.04
20984,158.92
8475,209.0
24664,198.0
18885,218.0
1815,137.12
21027,218.0
139,189.0
904,118.99
31208,211.0
9506,190.0
120,230.0
37742,158.92
31474,181.0
37914,218.0
28533,193.0
9189,197.0
24695,214.0
14170,232.0
15292,188.62
24148,215.0
20781,195.0
17559,195.0
32385,208.0
13202,190.0
23129,211.0
32038,214.0
35626,211.0
8777,222.0
34287,139.88
19217,246.0
37106,224.0
39669,194.0
20237,203.0
37532,119.5
36725,209.0
33900,203.0
34220,134.0
17497,203.0
9103,216.0
35760,232.0
20679,139.2
5341,203.0
6580,187.0
31997,226.0
40199,189.0
21286,214.0
22125,203.0
22913,227.0
26223,193.0
6483,193.0
23266,193.0
5686,209.0
22526,195.0
13374,216.0
33874,122.99
1794,203.0
31772,198.0
17655,232.0
37071,214.0
6311,192.0
6199,203.0
19393,203.0
15348,203.0
29867,289.0
20718,173.73
29358,190.0
17056,180.23
32133,193.0
9547,195.0
12033,224.0
32457,214.0
35825,209.0
34010,232.0
4620,203.0
4305,165.76
7643,195.0
29193,203.0
35667,216.0
4579,195.0
24224,284.0
19078,224.0
25549,218.0
30503,226.0
35694,203.0
21451,197.0
39703,221.0
20898,203.0
25681,213.0
32425,203.0
35602,203.0
29484,186.01
22802,208.0
18697,208.0
14927,209.0
24066,214.0
26054,198.0
10741,197.0
28606,284.0
38936,190.0
31313,223.0
8692,208.0
13399,229.0
1613,211.0
19012,241.0
12954,90.89
27409,195.0
30195,209.0
34588,232.0
4159,193.0
10648,114.89
7701,224.0
6169,234.0
119,200.0
37050,190.0
1534,226.0
3452,189.0
35607,210.0
10020,238.0
20264,144.44
1555,208.0
18358,193.0
9165,141.0
21813,232.0
8795,165.03
2041,216.0
33412,269.0
8647,218.0
24444,187.0
23878,169.81
23830,203.0
36489,136.62
20228,126.3
32549,203.0
2117,225.75
36323,195.0
15724,280.0
20371,207.0
7980,213.0
2647,209.0
18167,138.97
32852,198.0
10359,220.58
31244,243.0
31074,135.0
37427,160.0
5764,137.99
29618,226.0
28668,284.0
27494,195.0
29010,203.0
20279,197.0
10552,203.0
14186,189.0
15878,240.0
7191,205.0
4613,125.2
16993,208.0
27215,209.159622016872
5705,232.0
30601,218.0
34173,116.54
21634,195.0
13048,216.95
31197,197.0
7573,118.98
32514,218.0
5189,219.0
10575,222.0
16742,224.0
34230,193.0
33136,197.0
4783,215.0
8322,210.0
38626,192.0
16612,124.15
19463,210.0
33252,197.0
1516,188.0
1275,203.0
15712,139.09
25501,221.0
35708,203.0
827,234.0
7571,198.0
34040,208.0
30036,195.0
5026,223.0
4985,203.0
2215,206.0
19578,209.33474678171092
26558,203.0
9351,195.0
2009,194.0
35615,192.0
39950,279.0
1812,203.0
39153,211.0
17598,218.0
38994,193.0
9480,218.0
512,219.0
32810,193.0
14709,219.0
31577,197.0
32070,213.0
32515,190.0
29073,195.0
26310,231.0
9238,229.0
4660,203.0
34573,234.0
36710,232.0
27297,187.0
19891,193.0
17759,200.0
41069,103.09
640,195.0
26192,221.0
2434,238.0
24622,230.0
8358,213.0
1456,197.0
23687,135.0
31902,198.0
38223,224.96
32747,195.0
29786,195.0
9006,222.0
30964,213.0
17079,240.0
36843,200.0
20146,234.0
7686,201.0
30392,213.0
23433,211.0
33929,208.0
34607,232.0
40527,218.0
9401,159.58
23187,221.0
10838,209.0
40218,222.0
25165,198.0
13459,190.0
37005,148.89
40522,195.0
7478,215.0
37580,222.0
27361,211.0
33017,203.0
23832,218.0
10221,216.0
39420,198.0
241,222.0
4170,189.0
38497,210.0
24757,213.0
35778,128.79
20341,213.0
39148,209.0
22635,209.0
12276,224.0
20850,130.79
3287,222.0
18956,211.0
24625,195.0
21328,128.99
21102,127.93
38858,136.19
2946,216.0
5551,200.0
27792,198.0
2638,198.0
36961,181.0
29833,222.0
32387,246.0
40925,216.0
36167,138.86
35352,116.08
22506,203.0
3882,198.0
12994,211.0
34776,211.0
24030,142.0
13267,132.79
26182,119.12
27994,216.0
38154,229.0
13024,189.0
3580,219.0
38378,233.0
14163,197.0
27165,214.0
24441,262.0
21945,195.0
14576,232.0
41184,195.0
986,216.0
14264,203.0
15017,213.0
122,218.0
23362,200.0
3208,187.0
12263,189.0
32729,222.0
2074,200.0
7964,197.0
28604,195.0
28543,213.0
38829,209.0
24463,203.0
2499,209.0
9419,218.0
26280,241.0
23085,118.92
24679,187.0
36239,203.0
939,211.0
10453,214.0
27620,197.0
32470,209.0
26388,216.0
14929,208.0
13078,199.0
5048,223.0
1994,195.0
21500,190.0
14789,195.0
9523,208.0
40504,262.0
212,235.0
7589,221.0
1662,146.33
8339,203.0
28640,210.0
3493,219.0
17255,224.0
24735,241.0
4036,207.0
28660,213.0
